source_id,source_label,edge_type,target_id,target_label,aspect,condition,book,page,section,explicit,pass,status
abil_constitution,Constitution,MODIFIES,hit_points,Hit Points,per-die adjustment,,PHB,12,CONSTITUTION TABLE,TRUE,prose-sweep,core
abil_constitution,Constitution,MODIFIES,hit_points,Hit Points,raised ceiling,fighter classes only,PHB,12,CONSTITUTION TABLE,TRUE,prose-sweep,core
abil_constitution,Constitution,MODIFIES,rule_system_shock,System Shock Survival,survival chance,,PHB,12,CONSTITUTION TABLE,TRUE,prose-sweep,core
abil_constitution,Constitution,MODIFIES,rule_resurrection_survival,Resurrection Survival,survival chance,,PHB,12,CONSTITUTION TABLE,TRUE,prose-sweep,core
abil_constitution,Constitution,GATES,class_illusionist,Illusionist,eligibility,minimum score,PHB,12,CONSTITUTION TABLE,TRUE,prose-sweep,core
abil_constitution,Constitution,GATES,class_fighter,Fighter,eligibility,minimum score,PHB,12,CONSTITUTION TABLE,TRUE,prose-sweep,core
abil_constitution,Constitution,GATES,class_paladin,Paladin,eligibility,minimum score,PHB,12,CONSTITUTION TABLE,TRUE,prose-sweep,core
abil_constitution,Constitution,GATES,class_monk,Monk,eligibility,minimum score,PHB,12,CONSTITUTION TABLE,TRUE,prose-sweep,core
abil_constitution,Constitution,GATES,class_ranger,Ranger,eligibility,minimum score,PHB,12,CONSTITUTION TABLE,TRUE,prose-sweep,core
abil_constitution,Constitution,GATES,race_dwarf,Dwarf,eligibility,minimum score,PHB,12,CONSTITUTION TABLE,TRUE,prose-sweep,core
abil_constitution,Constitution,GATES,race_elf,Elf,eligibility,minimum score,PHB,12,CONSTITUTION TABLE,TRUE,prose-sweep,core
abil_constitution,Constitution,GATES,race_gnome,Gnome,eligibility,minimum score,PHB,12,CONSTITUTION TABLE,TRUE,prose-sweep,core
abil_constitution,Constitution,GATES,race_halfling,Halfling,eligibility,minimum score,PHB,12,CONSTITUTION TABLE,TRUE,prose-sweep,core
abil_constitution,Constitution,GATES,race_half_orc,Half-Orc,eligibility,minimum score,PHB,12,CONSTITUTION TABLE,TRUE,prose-sweep,core
rule_aging,Aging,TRIGGERS,rule_system_shock,System Shock Survival,roll required,,PHB,12,CONSTITUTION TABLE,TRUE,prose-sweep,core
rule_petrification,Petrification,TRIGGERS,rule_system_shock,System Shock Survival,roll required,,PHB,12,CONSTITUTION TABLE,TRUE,prose-sweep,core
spell_polymorph_other,Polymorph Others,TRIGGERS,rule_system_shock,System Shock Survival,roll required,,PHB,12,CONSTITUTION TABLE,TRUE,prose-sweep,core
spell_polymorph_any_object,Polymorph Any Object,TRIGGERS,rule_system_shock,System Shock Survival,roll required,,PHB,12,CONSTITUTION TABLE,TRUE,prose-sweep,core
spell_flesh_to_stone,Flesh to Stone,TRIGGERS,rule_system_shock,System Shock Survival,roll required,,PHB,12,CONSTITUTION TABLE,TRUE,prose-sweep,core
class_fighter,,OVERRIDES,hit_points,,raises Con hp ceiling,,PHB,12,CONSTITUTION TABLE,TRUE,prose-sweep,core
spell_raise_dead,,MODIFIES,abil_constitution,,permanent loss per raise,,PHB,12,CONSTITUTION TABLE,TRUE,prose-sweep,core
race,,MODIFIES,abil_constitution,,racial adjustment,,PHB,15,CHARACTER RACE TABLE III,TRUE,prose-sweep,core
spell_petrification,,TRIGGERS,rule_system_shock,,roll required,,PHB,12,CONSTITUTION TABLE,TRUE,prose-sweep,core
spell_raise_dead,,TRIGGERS,rule_resurrection_survival,,roll required,,PHB,12,CONSTITUTION TABLE,TRUE,prose-sweep,core
abil_strength,Strength,MODIFIES,cbt_tohit,To-Hit Roll,hit probability,,PHB,9,STRENGTH TABLE II,TRUE,prose-sweep,core
abil_strength,Strength,MODIFIES,cbt_damage,Damage,damage dealt,,PHB,9,STRENGTH TABLE II,TRUE,prose-sweep,core
abil_strength,Strength,MODIFIES,enc_weight_allowance,Weight Allowance,carrying capacity,,PHB,9,STRENGTH TABLE II,TRUE,prose-sweep,core
abil_strength,Strength,MODIFIES,str_open_doors,Open Doors,chances out of six,,PHB,9,STRENGTH TABLE II,TRUE,prose-sweep,core
abil_strength,Strength,MODIFIES,str_bend_bars,Bend Bars/Lift Gates,percentage chance,,PHB,9,STRENGTH TABLE II,TRUE,prose-sweep,core
abil_strength,Strength,MODIFIES,sys_experience,Experience Points,prime requisite bonus,fighters at high score,PHB,9,STRENGTH,TRUE,prose-sweep,core
str_open_doors,Open Doors,ALTERNATIVE_TO,str_bend_bars,Bend Bars/Lift Gates,passing a barrier,,PHB,9,STRENGTH TABLE II,TRUE,prose-sweep,core
str_open_doors,Open Doors,CONSUMES,rule_time,Time,per attempt,,PHB,9,STRENGTH TABLE II,TRUE,prose-sweep,core
str_open_doors,Open Doors,TRIGGERS,rule_noise,Noise,alerts nearby,,PHB,9,STRENGTH TABLE II,TRUE,prose-sweep,core
str_bend_bars,Bend Bars/Lift Gates,CONSTRAINS,str_bend_bars,Bend Bars/Lift Gates,one attempt only ever,,PHB,9,STRENGTH TABLE II,TRUE,prose-sweep,core
str_exceptional,Exceptional Strength,GATES,abil_strength,Strength,percentile rating,fighter classes only,PHB,9,STRENGTH,TRUE,prose-sweep,core
abil_intelligence,Intelligence,MODIFIES,rule_languages,Languages,number known,,PHB,10,INTELLIGENCE TABLE I,TRUE,prose-sweep,core
abil_intelligence,Intelligence,MODIFIES,sys_experience,Experience Points,prime requisite bonus,magic-users at high score,PHB,10,INTELLIGENCE,TRUE,prose-sweep,core
abil_intelligence,Intelligence,MODIFIES,rule_chance_know_spell,Chance to Know Each Listed Spell,learning chance,,PHB,10,INTELLIGENCE TABLE II,TRUE,prose-sweep,core
abil_intelligence,Intelligence,CONSTRAINS,rule_spells_per_level,Spells Knowable Per Level,minimum and maximum,,PHB,10,INTELLIGENCE TABLE II,TRUE,prose-sweep,core
abil_intelligence,Intelligence,GATES,rule_spell_level_access,High-Level Spell Access,comprehension,5th level and above,PHB,10,INTELLIGENCE TABLE I,TRUE,prose-sweep,core
abil_intelligence,Intelligence,GATES,class_magic_user,Magic-User,eligibility,minimum score,PHB,10,INTELLIGENCE TABLE I,TRUE,prose-sweep,core
abil_intelligence,Intelligence,GATES,class_paladin,Paladin,eligibility,minimum score,PHB,10,INTELLIGENCE TABLE I,TRUE,prose-sweep,core
abil_intelligence,Intelligence,GATES,class_assassin,Assassin,eligibility,minimum score,PHB,10,INTELLIGENCE TABLE I,TRUE,prose-sweep,core
abil_intelligence,Intelligence,GATES,class_ranger,Ranger,eligibility,minimum score,PHB,10,INTELLIGENCE TABLE I,TRUE,prose-sweep,core
abil_intelligence,Intelligence,GATES,class_illusionist,Illusionist,eligibility,minimum score,PHB,10,INTELLIGENCE TABLE I,TRUE,prose-sweep,core
abil_intelligence,Intelligence,GATES,race_half_elf,Half-Elf,eligibility,minimum score,PHB,10,INTELLIGENCE TABLE I,TRUE,prose-sweep,core
abil_intelligence,Intelligence,GATES,race_halfling,Halfling,eligibility,minimum score,PHB,10,INTELLIGENCE TABLE I,TRUE,prose-sweep,core
abil_intelligence,Intelligence,GATES,race_gnome,Gnome,eligibility,minimum score,PHB,10,INTELLIGENCE TABLE I,TRUE,prose-sweep,core
abil_intelligence,Intelligence,GATES,race_elf,Elf,eligibility,minimum score,PHB,10,INTELLIGENCE TABLE I,TRUE,prose-sweep,core
abil_intelligence,Intelligence,CONSTRAINS,race_half_orc,Half-Orc,score ceiling,,PHB,10,INTELLIGENCE TABLE I,TRUE,prose-sweep,core
race,Race,CONSTRAINS,rule_languages,Languages,racial limits,,PHB,10,INTELLIGENCE,TRUE,prose-sweep,core
abil_wisdom,Wisdom,MODIFIES,save_magical_attack,Saving Throw vs Magical Attack,die roll,mental attack forms only,PHB,11,WISDOM TABLE I,TRUE,prose-sweep,core
abil_wisdom,Wisdom,MODIFIES,sys_experience,Experience Points,prime requisite bonus,clerics at high score,PHB,11,WISDOM,TRUE,prose-sweep,core
abil_wisdom,Wisdom,MODIFIES,rule_cleric_bonus_spells,Cleric Bonus Spells,additional spells,exceptional wisdom,PHB,11,WISDOM TABLE II,TRUE,prose-sweep,core
abil_wisdom,Wisdom,MODIFIES,rule_spell_failure,Chance of Spell Failure,failure chance,low wisdom only,PHB,11,WISDOM TABLE II,TRUE,prose-sweep,core
abil_wisdom,Wisdom,GATES,class_cleric,Cleric,eligibility,minimum score,PHB,11,WISDOM TABLE I,TRUE,prose-sweep,core
abil_wisdom,Wisdom,GATES,class_druid,Druid,eligibility,minimum score,PHB,11,WISDOM TABLE I,TRUE,prose-sweep,core
abil_wisdom,Wisdom,GATES,class_paladin,Paladin,eligibility,minimum score,PHB,11,WISDOM TABLE I,TRUE,prose-sweep,core
abil_wisdom,Wisdom,GATES,class_ranger,Ranger,eligibility,minimum score,PHB,11,WISDOM TABLE I,TRUE,prose-sweep,core
abil_wisdom,Wisdom,GATES,class_monk,Monk,eligibility,minimum score,PHB,11,WISDOM TABLE I,TRUE,prose-sweep,core
abil_wisdom,Wisdom,GATES,rule_spell_level_access,High-Level Spell Access,clerical 6th and 7th,,PHB,11,WISDOM TABLE II,TRUE,prose-sweep,core
abil_wisdom,Wisdom,CONSTRAINS,race_half_orc,Half-Orc,score ceiling,,PHB,11,WISDOM TABLE I,TRUE,prose-sweep,core
abil_wisdom,Wisdom,CONSTRAINS,race_halfling,Halfling,score ceiling,,PHB,11,WISDOM TABLE I,TRUE,prose-sweep,core
rule_spell_failure,Chance of Spell Failure,CONSUMES,rule_spell_slot,Memorized Spell,expended on failure,,PHB,11,WISDOM TABLE II,TRUE,prose-sweep,core
abil_dexterity,Dexterity,MODIFIES,cbt_initiative,Initiative,reaction adjustment,,PHB,11,DEXTERITY TABLE I,TRUE,prose-sweep,core
abil_dexterity,Dexterity,MODIFIES,cbt_missile,Missile Fire,attack adjustment,,PHB,11,DEXTERITY TABLE I,TRUE,prose-sweep,core
abil_dexterity,Dexterity,MODIFIES,cbt_armor_class,Armor Class,defensive adjustment,,PHB,11,DEXTERITY TABLE I,TRUE,prose-sweep,core
abil_dexterity,Dexterity,MODIFIES,thief_skills,Thief Skills,professional activities,,PHB,11,DEXTERITY TABLE II,TRUE,prose-sweep,core
abil_dexterity,Dexterity,MODIFIES,sys_experience,Experience Points,prime requisite bonus,thieves at high score,PHB,11,DEXTERITY,TRUE,prose-sweep,core
abil_dexterity,Dexterity,GATES,class_magic_user,Magic-User,eligibility,minimum score,PHB,11,DEXTERITY TABLE I,TRUE,prose-sweep,core
abil_dexterity,Dexterity,GATES,race_half_elf,Half-Elf,eligibility,minimum score,PHB,11,DEXTERITY TABLE I,TRUE,prose-sweep,core
abil_dexterity,Dexterity,GATES,race_elf,Elf,eligibility,minimum score,PHB,11,DEXTERITY TABLE I,TRUE,prose-sweep,core
abil_dexterity,Dexterity,GATES,race_halfling,Halfling,eligibility,minimum score,PHB,11,DEXTERITY TABLE I,TRUE,prose-sweep,core
abil_charisma,Charisma,MODIFIES,hench_max_number,Maximum Henchmen,cap,,PHB,13,CHARISMA TABLE,TRUE,prose-sweep,core
abil_charisma,Charisma,MODIFIES,hench_loyalty,Loyalty Base,loyalty,,PHB,13,CHARISMA TABLE,TRUE,prose-sweep,core
abil_charisma,Charisma,MODIFIES,cbt_encounter_reactions,Encounter Reactions,reaction adjustment,,PHB,13,CHARISMA TABLE,TRUE,prose-sweep,core
race,Race,CONSTRAINS,sys_classes,Character Class,which classes permitted,,PHB,13,CHARACTER RACE TABLE I,TRUE,prose-sweep,core
race,Race,CONSTRAINS,exp_level,Experience Level,maximum level attainable,by class,PHB,14,CHARACTER RACE TABLE II,TRUE,prose-sweep,core
race,Race,GATES,rule_npc_only_classes,NPC-Only Class Access,player availability,parenthesised entries,PHB,14,CHARACTER RACE TABLE II,TRUE,prose-sweep,core
abil_strength,Strength,MODIFIES,exp_level,Experience Level,raises racial level cap,demihuman fighters,PHB,14,CHARACTER RACE TABLE II,TRUE,prose-sweep,core
abil_intelligence,Intelligence,MODIFIES,exp_level,Experience Level,raises racial level cap,elven and half-elven magic-users,PHB,14,CHARACTER RACE TABLE II,TRUE,prose-sweep,core
abil_intelligence,Intelligence,MODIFIES,exp_level,Experience Level,raises racial level cap,gnome illusionists,PHB,14,CHARACTER RACE TABLE II,TRUE,prose-sweep,core
abil_dexterity,Dexterity,MODIFIES,exp_level,Experience Level,raises racial level cap,gnome illusionists,PHB,14,CHARACTER RACE TABLE II,TRUE,prose-sweep,core
abil_dexterity,Dexterity,MODIFIES,exp_level,Experience Level,raises racial level cap,half-orc thieves,PHB,14,CHARACTER RACE TABLE II,TRUE,prose-sweep,core
race_subrace,Sub-Race,MODIFIES,exp_level,Experience Level,raises racial level cap,halfling sub-races,PHB,14,CHARACTER RACE TABLE II,TRUE,prose-sweep,core
race_dwarf,Dwarf,MODIFIES,abil_constitution,Constitution,racial adjustment,,PHB,14,PENALTIES AND BONUSES FOR RACE,TRUE,prose-sweep,core
race_dwarf,Dwarf,MODIFIES,abil_charisma,Charisma,racial adjustment,,PHB,14,PENALTIES AND BONUSES FOR RACE,TRUE,prose-sweep,core
race_elf,Elf,MODIFIES,abil_dexterity,Dexterity,racial adjustment,,PHB,14,PENALTIES AND BONUSES FOR RACE,TRUE,prose-sweep,core
race_elf,Elf,MODIFIES,abil_constitution,Constitution,racial adjustment,,PHB,14,PENALTIES AND BONUSES FOR RACE,TRUE,prose-sweep,core
race_half_orc,Half-Orc,MODIFIES,abil_strength,Strength,racial adjustment,,PHB,14,PENALTIES AND BONUSES FOR RACE,TRUE,prose-sweep,core
race_half_orc,Half-Orc,MODIFIES,abil_constitution,Constitution,racial adjustment,,PHB,14,PENALTIES AND BONUSES FOR RACE,TRUE,prose-sweep,core
race_half_orc,Half-Orc,MODIFIES,abil_charisma,Charisma,racial adjustment,,PHB,14,PENALTIES AND BONUSES FOR RACE,TRUE,prose-sweep,core
race_halfling,Halfling,MODIFIES,abil_strength,Strength,racial adjustment,,PHB,14,PENALTIES AND BONUSES FOR RACE,TRUE,prose-sweep,core
race_halfling,Halfling,MODIFIES,abil_dexterity,Dexterity,racial adjustment,,PHB,14,PENALTIES AND BONUSES FOR RACE,TRUE,prose-sweep,core
rule_racial_adjustment,Racial Ability Adjustment,FEEDS_INTO,tbl_race_minimums,Ability Score Minimums,counts toward meeting minimum,,PHB,15,CHARACTER RACE TABLE III,TRUE,prose-sweep,core
tbl_race_minimums,Ability Score Minimums,GATES,race,Race,race eligibility,,PHB,15,CHARACTER RACE TABLE III,TRUE,prose-sweep,core
tbl_race_maximums,Ability Score Maximums,CONSTRAINS,sys_ability_scores,Ability Scores,score lowered to conform,,PHB,15,CHARACTER RACE TABLE III,TRUE,prose-sweep,core
rule_racial_adjustment,Racial Ability Adjustment,OVERRIDES,rule_ability_generation,Ability Score Generation,modified score is the real score,,PHB,14,PENALTIES AND BONUSES FOR RACE,TRUE,prose-sweep,core
race,Race,FEEDS_INTO,tbl_racial_preferences,Racial Preferences Table,attitude by race pair,,PHB,18,RACIAL PREFERENCES,TRUE,prose-sweep,core
tbl_racial_preferences,Racial Preferences Table,MODIFIES,cbt_encounter_reactions,Encounter Reactions,dealings with other races,,PHB,18,RACIAL PREFERENCES,TRUE,prose-sweep,core
tbl_racial_preferences,Racial Preferences Table,MODIFIES,hench_hirelings,Hirelings,acquisition difficulty,outside preferred races,PHB,18,RACIAL PREFERENCES,TRUE,prose-sweep,core
race_subrace,Sub-Race,MODIFIES,tbl_racial_preferences,Racial Preferences Table,attitude shift,halfling sub-races,PHB,18,RACIAL PREFERENCES,TRUE,prose-sweep,core
class_druid,Druid,DERIVED_FROM,class_cleric,Cleric,sub-class,,PHB,18,CHARACTER CLASSES,TRUE,prose-sweep,core
class_paladin,Paladin,DERIVED_FROM,class_fighter,Fighter,sub-class,,PHB,18,CHARACTER CLASSES,TRUE,prose-sweep,core
class_ranger,Ranger,DERIVED_FROM,class_fighter,Fighter,sub-class,,PHB,18,CHARACTER CLASSES,TRUE,prose-sweep,core
class_illusionist,Illusionist,DERIVED_FROM,class_magic_user,Magic-User,sub-class,,PHB,18,CHARACTER CLASSES,TRUE,prose-sweep,core
class_assassin,Assassin,DERIVED_FROM,class_thief,Thief,sub-class,,PHB,18,CHARACTER CLASSES,TRUE,prose-sweep,core
sys_alignment,Alignment,GATES,class_paladin,Paladin,eligibility,lawful good only,PHB,18,CHARACTER CLASSES,TRUE,prose-sweep,core
sys_alignment,Alignment,GATES,class_assassin,Assassin,eligibility,evil only,PHB,18,CHARACTER CLASSES,TRUE,prose-sweep,core
rule_multiclass,Multi-Class,CONSTRAINS,sys_classes,Character Class,bound by thief limits,when thief is a component,PHB,18,CHARACTER CLASSES,TRUE,prose-sweep,core
abil_wisdom,Wisdom,GATES,class_cleric,Cleric,eligibility,higher minimum for multiclass half-elf,PHB,20,THE CLERIC,TRUE,prose-sweep,core
abil_wisdom,Wisdom,MODIFIES,sys_experience,Experience Points,prime requisite bonus,above 15,PHB,20,THE CLERIC,TRUE,prose-sweep,core
class_cleric,Cleric,MODIFIES,hit_points,Hit Points,hit die type,,PHB,20,THE CLERIC,TRUE,prose-sweep,core
sys_alignment,Alignment,CONSTRAINS,class_cleric,Cleric,permitted alignments,true neutral excluded,PHB,20,THE CLERIC,TRUE,prose-sweep,core
rule_deity,Deity,GATES,rule_cleric_spells,Cleric Spells,spells bestowed,,PHB,20,THE CLERIC,TRUE,prose-sweep,core
rule_holy_symbol,Holy Symbol,FEEDS_INTO,rule_cleric_spells,Cleric Spells,empowers spells,,PHB,20,THE CLERIC,TRUE,prose-sweep,core
class_cleric,Cleric,CONSTRAINS,sys_equipment,Weapons,edged and pointed forbidden,,PHB,20,THE CLERIC,TRUE,prose-sweep,core
rule_cleric_spells,Cleric Spells,CONSTRAINS,spell_components,Spell Components,must be spoken aloud,,PHB,20,THE CLERIC,TRUE,prose-sweep,core
rule_cleric_spells,Cleric Spells,ALTERNATIVE_TO,rule_spell_reversal,Reversed Spells,attack form,,PHB,20,THE CLERIC,TRUE,prose-sweep,core
class_cleric,Cleric,TRIGGERS,turn_undead,Turning Undead,turn or command,,PHB,20,THE CLERIC,TRUE,prose-sweep,core
turn_undead,Turning Undead,RESOLVED_BY,exp_level,Experience Level,matrix by cleric level,,PHB,20,THE CLERIC,TRUE,prose-sweep,core
turn_undead,Turning Undead,CONSTRAINS,monster_undead,Undead,effectiveness ceiling,hit dice versus cleric level,PHB,20,THE CLERIC,TRUE,prose-sweep,core
turn_undead,Turning Undead,ALTERNATIVE_TO,cbt_damage,Melee Damage,removing undead,,PHB,20,THE CLERIC,TRUE,prose-sweep,core
turn_undead,Turning Undead,TRIGGERS,monster_demon_devil,Demons and Devils,driving away,high level clerics only,PHB,20,THE CLERIC,TRUE,prose-sweep,core
race,Race,CONSTRAINS,class_cleric,Cleric,unlimited advancement,humans only,PHB,20,THE CLERIC,TRUE,prose-sweep,core
class_cleric,Cleric,FEEDS_INTO,cbt_attack_matrix,Attack Matrix,progression in three-level steps,,PHB,20,THE CLERIC,TRUE,prose-sweep,core
class_cleric,Cleric,FEEDS_INTO,save_matrix,Saving Throw Matrix,progression in three-level steps,,PHB,20,THE CLERIC,TRUE,prose-sweep,core
class_cleric,Cleric,GATES,rule_magic_item_use,Magic Item Use,which items usable,,PHB,20,THE CLERIC,TRUE,prose-sweep,core
exp_level,Experience Level,GATES,class_followers,Followers,attracted at name level,,PHB,20,THE CLERIC,TRUE,prose-sweep,core
rule_place_of_worship,Place of Worship,GATES,class_followers,Followers,must be established,,PHB,20,THE CLERIC,TRUE,prose-sweep,core
sys_alignment,Alignment,CONSTRAINS,class_followers,Followers,loyalty lost on change,alignment or deity change,PHB,20,THE CLERIC,TRUE,prose-sweep,core
class_followers,Followers,CONSTRAINS,money_gp,Money,serve without pay,,PHB,20,THE CLERIC,TRUE,prose-sweep,core
exp_level,Experience Level,GATES,rule_stronghold,Stronghold,construction option,,PHB,20,THE CLERIC,TRUE,prose-sweep,core
rule_stronghold,Stronghold,MODIFIES,money_gp,Money,halved construction cost,religious help,PHB,20,THE CLERIC,TRUE,prose-sweep,core
rule_stronghold,Stronghold,FEEDS_INTO,campaign_territory,Territory,cleared area yields revenue,,PHB,20,THE CLERIC,TRUE,prose-sweep,core
campaign_territory,Territory,FEEDS_INTO,money_gp,Money,monthly revenue per inhabitant,,PHB,20,THE CLERIC,TRUE,prose-sweep,core
class_druid,Druid,CONSTRAINS,rule_stronghold,Stronghold,no castles or towns,,PHB,22,THE DRUID,TRUE,prose-sweep,core
abil_strength,Strength,GATES,class_fighter,Fighter,eligibility,minimum score,PHB,22,THE FIGHTER,TRUE,prose-sweep,core
abil_strength,Strength,MODIFIES,sys_experience,Experience Points,prime requisite bonus,above 15,PHB,22,THE FIGHTER,TRUE,prose-sweep,core
class_fighter,Fighter,MODIFIES,hit_points,Hit Points,hit die type,,PHB,22,THE FIGHTER,TRUE,prose-sweep,core
class_fighter,Fighter,GATES,sys_equipment,Arms and Armor,unrestricted use,,PHB,22,THE FIGHTER,TRUE,prose-sweep,core
class_fighter,Fighter,FEEDS_INTO,cbt_attack_matrix,Attack Matrix,most advantageous progression,,PHB,22,THE FIGHTER,TRUE,prose-sweep,core
class_fighter,Fighter,FEEDS_INTO,save_matrix,Saving Throw Matrix,progression,,PHB,22,THE FIGHTER,TRUE,prose-sweep,core
class_fighter,Fighter,GATES,rule_magic_item_use,Magic Item Use,which items usable,,PHB,22,THE FIGHTER,TRUE,prose-sweep,core
exp_level,Experience Level,GATES,rule_freehold,Freehold,establishment option,,PHB,22,THE FIGHTER,TRUE,prose-sweep,core
rule_freehold,Freehold,TRIGGERS,class_followers,Followers,attracts men-at-arms,area must be cleared,PHB,22,THE FIGHTER,TRUE,prose-sweep,core
class_followers,Followers,CONSUMES,money_gp,Money,mercenaries require pay,fighter freehold,PHB,22,THE FIGHTER,TRUE,prose-sweep,core
rule_freehold,Freehold,FEEDS_INTO,campaign_territory,Territory,cleared radius,,PHB,22,THE FIGHTER,TRUE,prose-sweep,core
tbl_fighters_i,Fighters Table I,FEEDS_INTO,exp_level,Experience Level,level by experience points,,PHB,22,FIGHTERS TABLE I,TRUE,prose-sweep,core
exp_level,Experience Level,MODIFIES,hit_points,Hit Points,flat gain past name level,beyond 9th level,PHB,22,FIGHTERS TABLE I,TRUE,prose-sweep,core
race,Race,GATES,class_paladin,Paladin,eligibility,human only,PHB,22,THE PALADIN,TRUE,prose-sweep,core
abil_strength,Strength,GATES,class_paladin,Paladin,eligibility,minimum score,PHB,22,THE PALADIN,TRUE,prose-sweep,core
abil_charisma,Charisma,GATES,class_paladin,Paladin,eligibility,high minimum score,PHB,22,THE PALADIN,TRUE,prose-sweep,core
abil_strength,Strength,MODIFIES,sys_experience,Experience Points,prime requisite bonus,strength and wisdom both above 15,PHB,22,THE PALADIN,TRUE,prose-sweep,core
sys_alignment,Alignment,GATES,class_paladin,Paladin,must begin and remain lawful good,,PHB,22,THE PALADIN,TRUE,prose-sweep,core
rule_chaotic_act,Chaotic Act,TRIGGERS,rule_penance,Penance,confession required,knowing act,PHB,23,THE PALADIN,TRUE,prose-sweep,core
rule_penance,Penance,GATES,class_paladin,Paladin,status retained,high-level lawful good cleric required,PHB,23,THE PALADIN,TRUE,prose-sweep,core
rule_evil_act,Evil Act,TRIGGERS,class_paladin_loss,Loss of Paladinhood,immediate and irrevocable,knowing and willing act,PHB,23,THE PALADIN,TRUE,prose-sweep,core
class_paladin_loss,Loss of Paladinhood,OVERRIDES,rule_magic_item_use,Restorative Magic,no magic can restore,,PHB,23,THE PALADIN,TRUE,prose-sweep,core
class_paladin_loss,Loss of Paladinhood,FEEDS_INTO,class_fighter,Fighter,reverts to fighter,,PHB,23,THE PALADIN,TRUE,prose-sweep,core
class_paladin,Paladin,TRIGGERS,rule_detect_evil,Detect Evil,at will,requires concentration,PHB,23,THE PALADIN,TRUE,prose-sweep,core
class_paladin,Paladin,MODIFIES,save_matrix,Saving Throw Matrix,bonus to all saves,,PHB,23,THE PALADIN,TRUE,prose-sweep,core
class_paladin,Paladin,EXCLUDES,rule_disease,Disease,immune to all forms,,PHB,23,THE PALADIN,TRUE,prose-sweep,core
class_paladin,Paladin,TRIGGERS,rule_lay_on_hands,Lay on Hands,healing power,,PHB,23,THE PALADIN,TRUE,prose-sweep,core
rule_lay_on_hands,Lay on Hands,MODIFIES,hit_points,Hit Points,heals damage,,PHB,23,THE PALADIN,TRUE,prose-sweep,core
exp_level,Experience Level,MODIFIES,rule_lay_on_hands,Lay on Hands,amount healed,,PHB,23,THE PALADIN,TRUE,prose-sweep,core
rule_lay_on_hands,Lay on Hands,CONSTRAINS,rule_lay_on_hands,Lay on Hands,once per day,,PHB,23,THE PALADIN,TRUE,prose-sweep,core
class_paladin,Paladin,TRIGGERS,spell_cure_disease,Cure Disease,granted ability,,PHB,23,THE PALADIN,TRUE,prose-sweep,core
exp_level,Experience Level,GATES,spell_cure_disease,Cure Disease,uses per week,paladin scaling,PHB,23,THE PALADIN,TRUE,prose-sweep,core
class_paladin,Paladin,TRIGGERS,spell_protection_from_evil,Protection from Evil,continuous aura,,PHB,23,THE PALADIN,TRUE,prose-sweep,core
exp_level,Experience Level,GATES,turn_undead,Turning Undead,paladin gains at third level,,PHB,23,THE PALADIN,TRUE,prose-sweep,core
class_paladin,Paladin,DERIVED_FROM,turn_undead,Turning Undead,turns at reduced effective level,,PHB,23,THE PALADIN,TRUE,prose-sweep,core
class_ranger,Ranger,EXCLUDES,class_followers,Followers,no mercenaries attracted,at stronghold,PHB,25,RANGERS TABLE I,TRUE,prose-sweep,core
tbl_rangers_i,Rangers Table I,FEEDS_INTO,exp_level,Experience Level,level by experience points,,PHB,25,RANGERS TABLE I,TRUE,prose-sweep,core
exp_level,Experience Level,GATES,rule_ranger_spells,Ranger Spell Use,spell access,upper levels only,PHB,25,SPELLS USABLE BY CLASS AND LEVEL,TRUE,prose-sweep,core
rule_ranger_spells,Ranger Spell Use,DERIVED_FROM,rule_druid_spells,Druid Spells,limited druidic access,,PHB,25,SPELLS USABLE BY CLASS AND LEVEL,TRUE,prose-sweep,core
rule_ranger_spells,Ranger Spell Use,DERIVED_FROM,rule_magic_user_spells,Magic-User Spells,limited arcane access,,PHB,25,SPELLS USABLE BY CLASS AND LEVEL,TRUE,prose-sweep,core
rule_chance_know_spell,Chance to Know Each Listed Spell,GATES,rule_ranger_spells,Ranger Spell Use,must check as magic-user,arcane spells only,PHB,25,SPELLS USABLE BY CLASS AND LEVEL,TRUE,prose-sweep,core
exp_level,Experience Level,MODIFIES,cbt_attacks_per_round,Attacks Per Melee Round,rate increases,fighter classes,PHB,25,ATTACKS PER MELEE ROUND TABLE,TRUE,prose-sweep,core
cbt_attacks_per_round,Attacks Per Melee Round,CONSTRAINS,sys_equipment,Weapons,thrusting or striking only,,PHB,25,ATTACKS PER MELEE ROUND TABLE,TRUE,prose-sweep,core
cbt_attacks_per_round,Attacks Per Melee Round,EXCLUDED_FROM,monster_low_hit_dice,Creatures Under One Hit Die,normal rate does not apply,,PHB,25,ATTACKS PER MELEE ROUND TABLE,TRUE,prose-sweep,core
exp_level,Experience Level,OVERRIDES,cbt_attacks_per_round,Attacks Per Melee Round,one attack per level,versus sub-one-hit-die creatures,PHB,25,ATTACKS PER MELEE ROUND TABLE,TRUE,prose-sweep,core
abil_intelligence,Intelligence,MODIFIES,sys_experience,Experience Points,prime requisite bonus,high score,PHB,25,THE MAGIC-USER,TRUE,prose-sweep,core
class_magic_user,Magic-User,MODIFIES,hit_points,Hit Points,hit die type,,PHB,25,THE MAGIC-USER,TRUE,prose-sweep,core
class_magic_user,Magic-User,FEEDS_INTO,cbt_attack_matrix,Attack Matrix,least favorable progression,,PHB,25,THE MAGIC-USER,TRUE,prose-sweep,core
class_magic_user,Magic-User,CONSTRAINS,sys_armor,Armor,no armor permitted,,PHB,25,THE MAGIC-USER,TRUE,prose-sweep,core
class_magic_user,Magic-User,CONSTRAINS,sys_equipment,Weapons,very limited selection,,PHB,25,THE MAGIC-USER,TRUE,prose-sweep,core
rule_spell_book,Spell Book,GATES,rule_spell_memorization,Spell Memorization,must consult to prepare,,PHB,25,THE MAGIC-USER,TRUE,prose-sweep,core
rule_spell_casting,Casting a Spell,CONSUMES,rule_spell_memorization,Spell Memorization,expended on use,,PHB,25,THE MAGIC-USER,TRUE,prose-sweep,core
rule_spell_memorization,Spell Memorization,GATES,rule_spell_casting,Casting a Spell,must be prepared first,,PHB,25,THE MAGIC-USER,TRUE,prose-sweep,core
rule_magic_user_spells,Magic-User Spells,CONSTRAINS,spell_components,Spell Components,must be spoken aloud,,PHB,25,THE MAGIC-USER,TRUE,prose-sweep,core
rule_spell_book,Spell Book,CONSUMES,rule_research,Study and Research,preparation of each new book,,PHB,25,THE MAGIC-USER,TRUE,prose-sweep,core
class_magic_user,Magic-User,GATES,rule_magic_item_use,Magic Item Use,scrolls wands staves,class-exclusive items,PHB,25,THE MAGIC-USER,TRUE,prose-sweep,core
exp_level,Experience Level,GATES,item_scribe_scroll,Scribing Scrolls,ability unlocked,,PHB,25,THE MAGIC-USER,TRUE,prose-sweep,core
exp_level,Experience Level,GATES,item_brew_potion,Concocting Potions,ability unlocked,,PHB,25,THE MAGIC-USER,TRUE,prose-sweep,core
exp_level,Experience Level,GATES,item_enchant,Enchanting Items,ability unlocked,higher level,PHB,25,THE MAGIC-USER,TRUE,prose-sweep,core
item_scribe_scroll,Scribing Scrolls,CONSUMES,rule_time,Time,weeks to months,,PHB,25,THE MAGIC-USER,TRUE,prose-sweep,core
item_scribe_scroll,Scribing Scrolls,CONSUMES,money_gp,Money,costly process,,PHB,25,THE MAGIC-USER,TRUE,prose-sweep,core
item_brew_potion,Concocting Potions,CONSUMES,rule_time,Time,extended period,,PHB,25,THE MAGIC-USER,TRUE,prose-sweep,core
item_enchant,Enchanting Items,CONSUMES,money_gp,Money,costly process,,PHB,25,THE MAGIC-USER,TRUE,prose-sweep,core
abil_dexterity,Dexterity,GATES,class_thief,Thief,eligibility,minimum score,PHB,27,THE THIEF,TRUE,prose-sweep,core
abil_dexterity,Dexterity,MODIFIES,sys_experience,Experience Points,prime requisite bonus,above 15,PHB,27,THE THIEF,TRUE,prose-sweep,core
sys_alignment,Alignment,CONSTRAINS,class_thief,Thief,neutral or evil,neutral good rare,PHB,27,THE THIEF,TRUE,prose-sweep,core
class_thief,Thief,MODIFIES,hit_points,Hit Points,hit die type,,PHB,27,THE THIEF,TRUE,prose-sweep,core
class_thief,Thief,CONSTRAINS,sys_armor,Armor,light armor only,,PHB,27,THE THIEF,TRUE,prose-sweep,core
class_thief,Thief,CONSTRAINS,sys_equipment,Weapons,limited selection,,PHB,27,THE THIEF,TRUE,prose-sweep,core
class_thief,Thief,FEEDS_INTO,cbt_attack_matrix,Attack Matrix,slightly better than magic-user,,PHB,27,THE THIEF,TRUE,prose-sweep,core
thief_pick_pockets,Pick Pockets,DERIVED_FROM,thief_skills,Thief Skills,primary function,,PHB,27,THE THIEF,TRUE,prose-sweep,core
thief_open_locks,Open Locks,DERIVED_FROM,thief_skills,Thief Skills,primary function,,PHB,27,THE THIEF,TRUE,prose-sweep,core
thief_find_remove_traps,Find/Remove Traps,DERIVED_FROM,thief_skills,Thief Skills,primary function,,PHB,27,THE THIEF,TRUE,prose-sweep,core
thief_move_silently,Move Silently,DERIVED_FROM,thief_skills,Thief Skills,primary function,,PHB,27,THE THIEF,TRUE,prose-sweep,core
thief_hide_in_shadows,Hide in Shadows,DERIVED_FROM,thief_skills,Thief Skills,primary function,,PHB,27,THE THIEF,TRUE,prose-sweep,core
thief_hear_noise,Hear Noise,DERIVED_FROM,thief_skills,Thief Skills,secondary function,,PHB,27,THE THIEF,TRUE,prose-sweep,core
thief_climb_walls,Climb Walls,DERIVED_FROM,thief_skills,Thief Skills,secondary function,,PHB,27,THE THIEF,TRUE,prose-sweep,core
thief_backstab,Back Stab,DERIVED_FROM,thief_skills,Thief Skills,secondary function,,PHB,27,THE THIEF,TRUE,prose-sweep,core
exp_level,Experience Level,MODIFIES,thief_skills,Thief Skills,success chance,,PHB,27,THE THIEF,TRUE,prose-sweep,core
exp_level,Experience Level,MODIFIES,thief_pick_pockets,Pick Pockets,success chance,victim's level modifies,PHB,27,THE THIEF,TRUE,prose-sweep,core
rule_observer,Observer,MODIFIES,thief_hide_in_shadows,Hide in Shadows,detection chance,observer's powers,PHB,27,THE THIEF,TRUE,prose-sweep,core
thief_open_locks,Open Locks,OVERRIDES,rule_magical_closure,Magical Closure,foiling magical locks,,PHB,27,THE THIEF,TRUE,prose-sweep,core
thief_open_locks,Open Locks,ALTERNATIVE_TO,str_open_doors,Open Doors,passing a barrier,,PHB,27,THE THIEF,FALSE,prose-sweep,core
thief_find_remove_traps,Find/Remove Traps,CONSTRAINS,rule_traps,Traps,small mechanical devices only,,PHB,27,THE THIEF,TRUE,prose-sweep,core
thief_move_silently,Move Silently,GATES,thief_hear_noise,Hear Noise,approach to the door,,PHB,27,THE THIEF,TRUE,prose-sweep,core
thief_climb_walls,Climb Walls,CONSTRAINS,rule_surface,Surface,requires coarse surface,,PHB,27,THE THIEF,TRUE,prose-sweep,core
thief_backstab,Back Stab,MODIFIES,cbt_damage,Damage,multiplied damage,,PHB,27,THE THIEF,TRUE,prose-sweep,core
exp_level,Experience Level,MODIFIES,thief_backstab,Back Stab,damage multiplier tier,,PHB,27,THE THIEF,TRUE,prose-sweep,core
thief_backstab,Back Stab,MODIFIES,cbt_tohit,To-Hit Roll,bonus from behind,,PHB,27,THE THIEF,TRUE,prose-sweep,core
thief_backstab,Back Stab,GATES,cbt_rear_attack,Rear Attack,must strike from behind,,PHB,27,THE THIEF,TRUE,prose-sweep,core
class_thief,Thief,GATES,rule_thieves_cant,Thieves' Cant,class language,,PHB,27,THE THIEF,TRUE,prose-sweep,core
rule_thieves_cant,Thieves' Cant,DERIVED_FROM,rule_languages,Languages,known in addition to others,,PHB,27,THE THIEF,TRUE,prose-sweep,core
exp_level,Experience Level,GATES,thief_read_languages,Read Languages,ability unlocked,fourth level,PHB,27,THE THIEF,TRUE,prose-sweep,core
exp_level,Experience Level,MODIFIES,thief_read_languages,Read Languages,success chance,,PHB,27,THE THIEF,TRUE,prose-sweep,core
thief_read_languages,Read Languages,ALTERNATIVE_TO,rule_magic_item_use,Magic Item Use,reading maps and instructions,,PHB,27,THE THIEF,TRUE,prose-sweep,core
exp_level,Experience Level,GATES,thief_read_scrolls,Use Scrolls,ability unlocked,tenth level,PHB,27,THE THIEF,TRUE,prose-sweep,core
thief_read_scrolls,Use Scrolls,EXCLUDED_FROM,rule_cleric_spells,Clerical Scrolls,cannot use,druidic permitted,PHB,27,THE THIEF,TRUE,prose-sweep,core
thief_read_scrolls,Use Scrolls,TRIGGERS,rule_scroll_mishap,Scroll Mishap,misunderstanding chance,,PHB,27,THE THIEF,TRUE,prose-sweep,core
rule_scroll_mishap,Scroll Mishap,TRIGGERS,rule_spell_reversal,Reversed Spell,spell reverses intent,mispronunciation,PHB,27,THE THIEF,TRUE,prose-sweep,core
rule_spell_level,Spell Level,MODIFIES,rule_scroll_mishap,Scroll Mishap,reversal chance rises,,PHB,27,THE THIEF,TRUE,prose-sweep,core
class_thief,Thief,CONSTRAINS,rule_stronghold,Stronghold,small fortified building only,must be near a town,PHB,27,THE THIEF,TRUE,prose-sweep,core
exp_level,Experience Level,GATES,class_followers,Followers,gang of thieves attracted,tenth level and a headquarters,PHB,27,THE THIEF,TRUE,prose-sweep,core
class_followers,Followers,TRIGGERS,rule_thieves_guild,Thieves Guild,enmity provoked,thief gang,PHB,27,THE THIEF,TRUE,prose-sweep,core
spell_knock,Knock,ALTERNATIVE_TO,thief_open_locks,Open Locks,opening locked portals,,PHB,73,KNOCK,TRUE,prose-sweep,core
spell_knock,Knock,ALTERNATIVE_TO,str_open_doors,Open Doors,opening stuck or held doors,,PHB,73,KNOCK,TRUE,prose-sweep,core
spell_knock,Knock,ALTERNATIVE_TO,ex_secret_doors,Secret Doors,causes them to open,,PHB,73,KNOCK,TRUE,prose-sweep,core
spell_knock,Knock,EXCLUDES,str_bend_bars,Bend Bars/Lift Gates,will not raise bars or portcullis,,PHB,73,KNOCK,TRUE,prose-sweep,core
spell_knock,Knock,OVERRIDES,spell_wizard_lock,Wizard Lock,suspends but does not remove,wizard-locked portals,PHB,73,KNOCK,TRUE,prose-sweep,core
spell_knock,Knock,CONSTRAINS,spell_knock,Knock,two functions per casting,multiple impediments need multiple castings,PHB,73,KNOCK,TRUE,prose-sweep,core
spell_knock,Knock,CONSTRAINS,spell_components,Spell Components,verbal only,,PHB,73,KNOCK,TRUE,prose-sweep,core
str_bend_bars,Bend Bars/Lift Gates,ALTERNATIVE_TO,thief_open_locks,Open Locks,passing a barrier,,PHB,9,STRENGTH TABLE II,FALSE,prose-sweep,core
spell_leomunds_trap,Leomund's Trap,MODIFIES,thief_find_remove_traps,Find/Remove Traps,false positive,,PHB,73,LEOMUND'S TRAP,TRUE,prose-sweep,core
spell_leomunds_trap,Leomund's Trap,MODIFIES,race_dwarf,Dwarf,targets trap-detecting races,,PHB,73,LEOMUND'S TRAP,TRUE,prose-sweep,core
abil_strength,Strength,GATES,class_assassin,Assassin,eligibility,minimum score,PHB,28,THE ASSASSIN,TRUE,prose-sweep,core
abil_dexterity,Dexterity,GATES,class_assassin,Assassin,eligibility,minimum score,PHB,28,THE ASSASSIN,TRUE,prose-sweep,core
class_assassin,Assassin,EXCLUDED_FROM,sys_experience,Prime Requisite Bonus,no ability score bonus,,PHB,28,THE ASSASSIN,TRUE,prose-sweep,core
class_assassin,Assassin,MODIFIES,hit_points,Hit Points,hit die type,,PHB,28,THE ASSASSIN,TRUE,prose-sweep,core
sys_alignment,Alignment,GATES,class_assassin,Assassin,evil required,,PHB,28,THE ASSASSIN,TRUE,prose-sweep,core
class_assassin,Assassin,GATES,sys_equipment,Arms and Shields,any shield and weapon,,PHB,28,THE ASSASSIN,TRUE,prose-sweep,core
class_assassin,Assassin,FEEDS_INTO,cbt_attack_matrix,Attack Matrix,uses thief tables,,PHB,29,THE ASSASSIN,TRUE,prose-sweep,core
class_assassin,Assassin,GATES,thief_backstab,Back Stab,inherited ability,,PHB,29,THE ASSASSIN,TRUE,prose-sweep,core
rule_assassins_guild,Assassins Guild,CONSTRAINS,class_assassin,Assassin,membership pressure,within guild territory,PHB,29,THE ASSASSIN,TRUE,prose-sweep,core
rule_assassins_guild,Assassins Guild,GATES,rule_assassination,Assassination,death sentence if non-member,performing assassination,PHB,29,THE ASSASSIN,TRUE,prose-sweep,core
campaign_territory,Territory,FEEDS_INTO,rule_assassins_guild,Assassins Guild,controlled radius,,PHB,29,THE ASSASSIN,TRUE,prose-sweep,core
class_assassin,Assassin,GATES,rule_poison_use,Use of Poison,class ability,,PHB,29,THE ASSASSIN,TRUE,prose-sweep,core
rule_poison_use,Use of Poison,ALTERNATIVE_TO,rule_poison_ingested,Ingested Poison,delivery method,,PHB,29,THE ASSASSIN,TRUE,prose-sweep,core
rule_poison_use,Use of Poison,ALTERNATIVE_TO,rule_poison_insinuated,Insinuated Poison,delivery method,,PHB,29,THE ASSASSIN,TRUE,prose-sweep,core
rule_poison_use,Use of Poison,TRIGGERS,rule_poison_detection,Poison Detection,onlookers may notice,bared weapon in view,PHB,29,THE ASSASSIN,TRUE,prose-sweep,core
rule_poison_detection,Poison Detection,TRIGGERS,cbt_encounter_reactions,Encounter Reactions,attack or hue and cry,,PHB,29,THE ASSASSIN,TRUE,prose-sweep,core
cbt_melee_round,Melee Round,MODIFIES,rule_poison_detection,Poison Detection,cumulative chance per round,,PHB,29,THE ASSASSIN,TRUE,prose-sweep,core
cbt_surprise,Surprise,GATES,tbl_assassination,Assassination Table,must surprise the victim,,PHB,29,THE ASSASSIN,TRUE,prose-sweep,core
tbl_assassination,Assassination Table,ALTERNATIVE_TO,thief_backstab,Back Stab,attack mode choice,,PHB,29,THE ASSASSIN,TRUE,prose-sweep,core
tbl_assassination,Assassination Table,ALTERNATIVE_TO,cbt_damage,Normal Melee,attack mode choice,,PHB,29,THE ASSASSIN,TRUE,prose-sweep,core
tbl_assassination,Assassination Table,TRIGGERS,rule_instant_death,Instant Death,on success,,PHB,29,THE ASSASSIN,TRUE,prose-sweep,core
tbl_assassination,Assassination Table,FEEDS_INTO,cbt_damage,Damage,normal damage on failure,,PHB,29,THE ASSASSIN,TRUE,prose-sweep,core
abil_strength,Strength,MODIFIES,tbl_assassination,Assassination Table,damage on failed attempt,,PHB,29,THE ASSASSIN,TRUE,prose-sweep,core
rule_poison_use,Use of Poison,TRIGGERS,save_poison,Saving Throw vs Poison,victim must save,poisoned weapon used,PHB,29,THE ASSASSIN,TRUE,prose-sweep,core
save_poison,Saving Throw vs Poison,TRIGGERS,rule_instant_death,Instant Death,on failure,,PHB,29,THE ASSASSIN,TRUE,prose-sweep,core
abil_intelligence,Intelligence,GATES,rule_alignment_languages,Alignment Languages,ability to learn,high score required,PHB,29,THE ASSASSIN,TRUE,prose-sweep,core
exp_level,Experience Level,GATES,rule_alignment_languages,Alignment Languages,first language gained,upper levels,PHB,29,THE ASSASSIN,TRUE,prose-sweep,core
abil_intelligence,Intelligence,CONSTRAINS,rule_alignment_languages,Alignment Languages,maximum number knowable,,PHB,29,THE ASSASSIN,TRUE,prose-sweep,core
rule_alignment_languages,Alignment Languages,DERIVED_FROM,sys_alignment,Alignment,one tongue per alignment,,PHB,29,THE ASSASSIN,TRUE,prose-sweep,core
rule_alignment_languages,Alignment Languages,FEEDS_INTO,rule_thieves_cant,Thieves' Cant,selectable by assassins,,PHB,29,THE ASSASSIN,TRUE,prose-sweep,core
rule_alignment_languages,Alignment Languages,FEEDS_INTO,rule_druidic_language,Druidic,selectable by assassins,,PHB,29,THE ASSASSIN,TRUE,prose-sweep,core
class_assassin,Assassin,GATES,rule_disguise,Disguise,class ability,,PHB,29,THE ASSASSIN,TRUE,prose-sweep,core
rule_disguise,Disguise,GATES,rule_poison_use,Use of Poison,creates opportunity,,PHB,29,THE ASSASSIN,TRUE,prose-sweep,core
rule_disguise,Disguise,GATES,cbt_surprise,Surprise,creates opportunity,,PHB,29,THE ASSASSIN,TRUE,prose-sweep,core
abil_strength,Strength,GATES,class_monk,Monk,eligibility,high minimum score,PHB,30,THE MONK,TRUE,prose-sweep,core
abil_dexterity,Dexterity,GATES,class_monk,Monk,eligibility,high minimum score,PHB,30,THE MONK,TRUE,prose-sweep,core
class_monk,Monk,EXCLUDED_FROM,sys_experience,Prime Requisite Bonus,never gains ability bonus,,PHB,30,THE MONK,TRUE,prose-sweep,core
class_monk,Monk,EXCLUDES,dex_defensive_adj,Dexterity Defensive Adjustment,no armor class benefit,,PHB,30,THE MONK,TRUE,prose-sweep,core
sys_alignment,Alignment,GATES,class_monk,Monk,must be lawful,,PHB,30,THE MONK,TRUE,prose-sweep,core
sys_alignment,Alignment,TRIGGERS,class_monk_loss,Loss of Monk Status,all abilities lost,on losing lawful alignment,PHB,30,THE MONK,TRUE,prose-sweep,core
class_monk_loss,Loss of Monk Status,OVERRIDES,exp_level,Experience Level,restart at first level,,PHB,30,THE MONK,TRUE,prose-sweep,core
class_monk,Monk,MODIFIES,hit_points,Hit Points,hit die type,,PHB,30,THE MONK,TRUE,prose-sweep,core
class_monk,Monk,CONSTRAINS,sys_armor,Armor,no armor or shield,,PHB,30,THE MONK,TRUE,prose-sweep,core
class_monk,Monk,EXCLUDES,rule_flaming_oil,Flaming Oil,cannot use,,PHB,30,THE MONK,TRUE,prose-sweep,core
class_monk,Monk,EXCLUDES,rule_spell_casting,Spell Casting,no spell ability,,PHB,30,THE MONK,TRUE,prose-sweep,core
class_monk,Monk,FEEDS_INTO,cbt_attack_matrix,Attack Matrix,uses cleric table,,PHB,30,THE MONK,TRUE,prose-sweep,core
exp_level,Experience Level,MODIFIES,cbt_damage,Damage,bonus with weapons,monk scaling,PHB,30,THE MONK,TRUE,prose-sweep,core
class_monk,Monk,GATES,rule_open_hand_combat,Open Hand Combat,class ability,,PHB,30,THE MONK,TRUE,prose-sweep,core
rule_open_hand_combat,Open Hand Combat,MODIFIES,cbt_damage,Damage,tabulated by level,,PHB,30,MONKS TABLE II,TRUE,prose-sweep,core
rule_open_hand_combat,Open Hand Combat,ALTERNATIVE_TO,cbt_damage,Armed Melee,better at median levels,,PHB,30,THE MONK,TRUE,prose-sweep,core
rule_open_hand_combat,Open Hand Combat,TRIGGERS,rule_stun,Stunning Blow,on exceptional hit,,PHB,30,THE MONK,TRUE,prose-sweep,core
cbt_tohit,To-Hit Roll,GATES,rule_stun,Stunning Blow,margin above required score,,PHB,30,THE MONK,TRUE,prose-sweep,core
rule_open_hand_combat,Open Hand Combat,EXCLUDES,abil_strength,Strength,to-hit never modified by strength,,PHB,30,THE MONK,TRUE,prose-sweep,core
rule_stun,Stunning Blow,GATES,rule_monk_kill,Killing Blow,target must be stunned first,,PHB,30,THE MONK,TRUE,prose-sweep,core
cbt_armor_class,Armor Class,FEEDS_INTO,rule_monk_kill,Killing Blow,kill chance equals opponent AC,,PHB,30,THE MONK,TRUE,prose-sweep,core
exp_level,Experience Level,MODIFIES,rule_monk_kill,Killing Blow,levels above seventh,,PHB,30,THE MONK,TRUE,prose-sweep,core
rule_stun,Stunning Blow,MODIFIES,cbt_tohit,To-Hit Roll,target stunned for rounds,,PHB,30,THE MONK,TRUE,prose-sweep,core
exp_level,Experience Level,GATES,cbt_attacks_per_round,Attacks Per Melee Round,multiple open hand attacks,fourth level and above,PHB,30,THE MONK,TRUE,prose-sweep,core
class_monk,Monk,FEEDS_INTO,save_matrix,Saving Throw Matrix,uses thief table,,PHB,30,THE MONK,TRUE,prose-sweep,core
save_petrify,Saving Throw vs Petrification,GATES,rule_missile_dodge,Dodging Missiles,save per potential hit,non-magical missiles only,PHB,30,THE MONK,TRUE,prose-sweep,core
class_monk,Monk,OVERRIDES,save_matrix,Saving Throw Matrix,no damage on success,,PHB,30,THE MONK,TRUE,prose-sweep,core
exp_level,Experience Level,MODIFIES,save_matrix,Saving Throw Matrix,half damage on failure,ninth level and above,PHB,30,THE MONK,TRUE,prose-sweep,core
rule_gaze_attack,Gaze Attack,OVERRIDES,save_matrix,Monk Half-Damage,petrification still applies,,PHB,30,THE MONK,TRUE,prose-sweep,core
exp_level,Experience Level,MODIFIES,cbt_surprise,Surprise,harder to surprise per level,,PHB,30,THE MONK,TRUE,prose-sweep,core
class_monk,Monk,GATES,thief_skills,Thief Skills,performed at equal level,,PHB,31,THE MONK,TRUE,prose-sweep,core
rule_dm_discretion,DM Discretion,GATES,class_bard,Bard,inclusion in campaign,optional class,PHB,117,APPENDIX II BARDS,TRUE,prose-sweep,optional
abil_strength,Strength,GATES,class_bard,Bard,eligibility,high minimum score,PHB,117,BARD ABILITIES,TRUE,prose-sweep,optional
abil_wisdom,Wisdom,GATES,class_bard,Bard,eligibility,high minimum score,PHB,117,BARD ABILITIES,TRUE,prose-sweep,optional
abil_dexterity,Dexterity,GATES,class_bard,Bard,eligibility,high minimum score,PHB,117,BARD ABILITIES,TRUE,prose-sweep,optional
abil_charisma,Charisma,GATES,class_bard,Bard,eligibility,high minimum score,PHB,117,BARD ABILITIES,TRUE,prose-sweep,optional
abil_intelligence,Intelligence,GATES,class_bard,Bard,eligibility,minimum score,PHB,117,BARD ABILITIES,TRUE,prose-sweep,optional
abil_constitution,Constitution,GATES,class_bard,Bard,eligibility,minimum score,PHB,117,BARD ABILITIES,TRUE,prose-sweep,optional
race,Race,GATES,class_bard,Bard,eligibility,human or half-elven only,PHB,117,BARD RACE,TRUE,prose-sweep,optional
class_bard,Bard,DERIVED_FROM,class_fighter,Fighter,first stage of progression,,PHB,117,THE CLASS,TRUE,prose-sweep,optional
class_bard,Bard,DERIVED_FROM,class_thief,Thief,second stage of progression,,PHB,117,THE CLASS,TRUE,prose-sweep,optional
class_bard,Bard,DERIVED_FROM,class_druid,Druid,third stage under tutelage,,PHB,117,THE CLASS,TRUE,prose-sweep,optional
exp_level,Experience Level,GATES,class_bard,Bard,stage transitions,level windows per class,PHB,117,THE CLASS,TRUE,prose-sweep,optional
class_fighter,Fighter,GATES,class_bard,Bard,must complete fighter stage,,PHB,117,THE CLASS,TRUE,prose-sweep,optional
class_thief,Thief,GATES,class_bard,Bard,must complete thief stage,,PHB,117,THE CLASS,TRUE,prose-sweep,optional
sys_alignment,Alignment,GATES,class_bard,Bard,must remain neutral,,PHB,117,THE CLASS,TRUE,prose-sweep,optional
rule_distraction,Distraction,CONSTRAINS,psi_attack_modes,Psionic Attack,cannot attack while distracted,defenses remain,PHB,117,PSIONICS,TRUE,prose-sweep,optional
psi_attack_blast,Psionic Blast,GATES,monster_nonpsionic,Non-Psionic Creatures,only attack mode usable,,PHB,117,PSIONICS,TRUE,prose-sweep,optional
psi_multiple_operations,Multiple Psionic Operations,MODIFIES,psi_range,Psionic Range,cumulative increase,,PHB,117,MULTIPLE PSIONIC OPERATIONS,TRUE,prose-sweep,optional
psi_multiple_operations,Multiple Psionic Operations,CONSTRAINS,psi_range,Psionic Range,base set by weakest member,,PHB,117,MULTIPLE PSIONIC OPERATIONS,TRUE,prose-sweep,optional
psi_series,Series Linking,MODIFIES,psi_strength_points,Psionic Strength,transfers up the chain,,PHB,117,MULTIPLE PSIONIC OPERATIONS,TRUE,prose-sweep,optional
psi_series,Series Linking,CONSTRAINS,psi_combat,Psionic Combat,only final link engages,,PHB,117,MULTIPLE PSIONIC OPERATIONS,TRUE,prose-sweep,optional
psi_series,Series Linking,TRIGGERS,psi_combat,Psionic Combat,all members share the outcome,,PHB,117,MULTIPLE PSIONIC OPERATIONS,TRUE,prose-sweep,optional
rule_psionic_use,Use of Psionic Powers,TRIGGERS,monster_psionic,Psionic Monsters,may attract attention,within range and attuned,PHB,117,USE OF PSIONIC POWERS,TRUE,prose-sweep,core
rule_physical_activity,Physical Activity,MODIFIES,psi_recovery,Psionic Strength Recovery,rate of restoration,,PHB,117,RECOVERY OF PSIONIC STRENGTH POINTS,TRUE,prose-sweep,optional
psi_recovery,Psionic Strength Recovery,CONSTRAINS,rule_time,Time,no recovery under one hour,,PHB,117,RECOVERY OF PSIONIC STRENGTH POINTS,TRUE,prose-sweep,optional
psi_recovery,Psionic Strength Recovery,FEEDS_INTO,psi_strength_points,Psionic Strength,points restored,,PHB,117,RECOVERY OF PSIONIC STRENGTH POINTS,TRUE,prose-sweep,optional
sys_classes,Character Class,GATES,sys_alignment,Alignment,may be predetermined,certain classes,PHB,33,ALIGNMENT,TRUE,prose-sweep,core
class_druid,Druid,GATES,sys_alignment,Alignment,fixed to true neutral,,PHB,33,ALIGNMENT,TRUE,prose-sweep,core
rule_character_actions,Character Actions,FEEDS_INTO,rule_alignment_graph,Alignment Graph,drift recorded,,PHB,33,ALIGNMENT,TRUE,prose-sweep,core
rule_alignment_graph,Alignment Graph,MODIFIES,sys_alignment,Alignment,declared alignment may shift,,PHB,33,ALIGNMENT,TRUE,prose-sweep,core
align_change,Changing Alignment,CONSTRAINS,sys_alignment,Alignment,voluntary change limited,along like axis only,PHB,33,CHANGING ALIGNMENT,TRUE,prose-sweep,core
align_change,Changing Alignment,ALTERNATIVE_TO,rule_involuntary_change,Involuntary Change,two routes to shift,,PHB,33,CHANGING ALIGNMENT,TRUE,prose-sweep,core
sys_armor,Armor,FEEDS_INTO,cbt_armor_class,Armor Class,base rating,,PHB,36,ARMOR CLASS TABLE,TRUE,prose-sweep,core
rule_shield,Shield,MODIFIES,cbt_armor_class,Armor Class,improves rating,,PHB,36,ARMOR CLASS TABLE,TRUE,prose-sweep,core
item_magic_armor,Magic Armor,MODIFIES,cbt_armor_class,Armor Class,one step per plus,,PHB,36,ARMOR CLASS TABLE,TRUE,prose-sweep,core
item_magic_armor,Magic Armor,MODIFIES,cbt_tohit,To-Hit Roll,reduces attacker probability,,PHB,36,ARMOR CLASS TABLE,TRUE,prose-sweep,core
sys_classes,Character Class,CONSTRAINS,sys_equipment,Weapons,permitted selection,,PHB,36,WEAPONS,TRUE,prose-sweep,core
money_gp,Money,CONSTRAINS,sys_equipment,Weapons,initial cost limits choice,,PHB,36,WEAPONS,TRUE,prose-sweep,core
sys_classes,Character Class,MODIFIES,prof_weapon,Weapon Proficiency,initial number permitted,,PHB,37,WEAPON PROFICIENCY TABLE,TRUE,prose-sweep,core
sys_classes,Character Class,MODIFIES,prof_nonproficiency_penalty,Non-Proficiency Penalty,penalty size by class,,PHB,37,WEAPON PROFICIENCY TABLE,TRUE,prose-sweep,core
prof_nonproficiency_penalty,Non-Proficiency Penalty,MODIFIES,cbt_tohit,To-Hit Roll,subtraction from attack,melee and missile,PHB,37,WEAPON PROFICIENCY TABLE,TRUE,prose-sweep,core
prof_weapon,Weapon Proficiency,GATES,prof_nonproficiency_penalty,Non-Proficiency Penalty,applies when not proficient,,PHB,37,WEAPON PROFICIENCY TABLE,TRUE,prose-sweep,core
exp_level,Experience Level,MODIFIES,prof_weapon,Weapon Proficiency,additional weapons gained,rate varies by class,PHB,37,WEAPON PROFICIENCY TABLE,TRUE,prose-sweep,core
cbt_attack_matrix,Attack Matrix,GATES,prof_weapon,Weapon Proficiency,gained on reaching next melee table,,PHB,36,WEAPON PROFICIENCY,TRUE,prose-sweep,core
prof_weapon,Weapon Proficiency,FEEDS_INTO,item_magic_weapon,Magic Weapon,proficiency carries to magical version,same weapon type,PHB,36,WEAPON PROFICIENCY,TRUE,prose-sweep,core
wpn_stats,Weapon Statistics,FEEDS_INTO,cbt_damage,Damage,damage by weapon type,,PHB,37,WEIGHT AND DAMAGE BY WEAPON TYPE,TRUE,prose-sweep,core
monster_size,Opponent Size,FEEDS_INTO,cbt_damage,Damage,selects damage column,,PHB,37,WEIGHT AND DAMAGE BY WEAPON TYPE,TRUE,prose-sweep,core
wpn_weight,Weapon Weight,FEEDS_INTO,enc_encumbrance,Encumbrance,carried load,,PHB,37,WEIGHT AND DAMAGE BY WEAPON TYPE,TRUE,prose-sweep,core
wpn_space_required,Space Required,CONSTRAINS,cbt_melee,Melee Combat,room to wield,,PHB,36,WEAPONS,TRUE,prose-sweep,core
wpn_length,Weapon Length,FEEDS_INTO,cbt_initiative,Initiative,reach on the close,,PHB,36,WEAPONS,TRUE,prose-sweep,core
spell_component_verbal,Verbal Component,DERIVED_FROM,spell_components,Spell Components,must be uttered,,PHB,40,CHARACTER SPELLS,TRUE,prose-sweep,core
spell_component_somatic,Somatic Component,DERIVED_FROM,spell_components,Spell Components,gesture required,,PHB,40,CHARACTER SPELLS,TRUE,prose-sweep,core
spell_component_material,Material Component,DERIVED_FROM,spell_components,Spell Components,physical ingredient,,PHB,40,CHARACTER SPELLS,TRUE,prose-sweep,core
rule_cleric_spells,Cleric Spells,ALTERNATIVE_TO,rule_magic_user_spells,Magic-User Spells,bestowed versus memorized,,PHB,40,CHARACTER SPELLS,TRUE,prose-sweep,core
rule_deity_servants,Lesser Servants of the Deity,GATES,rule_cleric_spells,Cleric Spells,lower level spells granted,through intermediaries,PHB,40,CHARACTER SPELLS,TRUE,prose-sweep,core
rule_deity,Deity,GATES,rule_cleric_spells,Cleric Spells,higher spells granted directly,upper spell levels only,PHB,40,CHARACTER SPELLS,TRUE,prose-sweep,core
rule_spell_level,Spell Level,GATES,rule_deity,Deity,direct supplication required,upper spell levels,PHB,40,CHARACTER SPELLS,TRUE,prose-sweep,core
sys_alignment,Alignment,MODIFIES,rule_deity,Deity,judged on faithfulness,at supplication,PHB,40,CHARACTER SPELLS,TRUE,prose-sweep,core
rule_deity,Deity,TRIGGERS,rule_atonement,Atonement,deed or sacrifice required,at deity discretion,PHB,40,CHARACTER SPELLS,TRUE,prose-sweep,core
rule_deity,Deity,OVERRIDES,rule_cleric_spells,Cleric Spells,may substitute or deny,at deity discretion,PHB,40,CHARACTER SPELLS,TRUE,prose-sweep,core
rule_prayer,Prayer and Meditation,GATES,rule_cleric_spells,Cleric Spells,method of acquisition,,PHB,40,CHARACTER SPELLS,TRUE,prose-sweep,core
rule_prayer,Prayer and Meditation,CONSUMES,rule_time,Time,hours required,,PHB,40,CHARACTER SPELLS,TRUE,prose-sweep,core
rule_cleric_spells,Cleric Spells,CONSUMES,spell_component_material,Material Component,caster must supply,material not bestowed,PHB,40,CHARACTER SPELLS,TRUE,prose-sweep,core
rule_druid_spells,Druid Spells,CONSUMES,spell_component_material,Material Component,all druid spells require,,PHB,40,CHARACTER SPELLS,TRUE,prose-sweep,core
rule_spell_memorization,Spell Memorization,CONSUMES,rule_time,Time,scales with spell level,,PHB,40,CHARACTER SPELLS,TRUE,prose-sweep,core
rule_rest,Rest and Nourishment,GATES,rule_spell_memorization,Spell Memorization,mind must be rested,,PHB,40,CHARACTER SPELLS,TRUE,prose-sweep,core
rule_spell_memorization,Spell Memorization,ALTERNATIVE_TO,rule_spell_memorization,Spell Memorization,same spell may be memorized repeatedly,,PHB,40,CHARACTER SPELLS,TRUE,prose-sweep,core
rule_magic_user_spells,Magic-User Spells,CONSUMES,spell_component_material,Material Component,caster must supply,,PHB,40,CHARACTER SPELLS,TRUE,prose-sweep,core
rule_movement_scale,Movement Scale,MODIFIES,ex_movement_rate,Movement Rate,varies by situation,,PHB,39,SCALE,TRUE,prose-sweep,core
rule_monster_term,Monster,FEEDS_INTO,cbt_encounter_reactions,Encounter Reactions,outcome depends on nature and action,,PHB,40,MONSTER THE TERM,TRUE,prose-sweep,core
rule_availability,Availability,GATES,hench_hirelings,Hirelings,type must be present locally,,PHB,39,HIRELINGS,TRUE,prose-sweep,core
money_gp,Money,MODIFIES,hench_hirelings,Hirelings,wage and bonus affect success,,PHB,39,HIRELINGS,TRUE,prose-sweep,core
abil_charisma,Charisma,MODIFIES,hench_hirelings,Hirelings,hiring success,,PHB,39,HIRELINGS,TRUE,prose-sweep,core
hench_hirelings,Hirelings,EXCLUDED_FROM,cha_max_henchmen,Maximum Henchmen,number not capped by charisma,,PHB,39,HIRELINGS,TRUE,prose-sweep,core
hench_hirelings,Hirelings,CONSUMES,money_gp,Money,wages and salaries,,PHB,39,HIRELINGS,TRUE,prose-sweep,core
hench_loyalty,Loyalty,MODIFIES,hench_hirelings,Hirelings,same loyalty rules apply,,PHB,39,HIRELINGS,TRUE,prose-sweep,core
cha_max_henchmen,Maximum Henchmen,CONSTRAINS,hench_henchmen,Henchmen,number attracted,,PHB,39,HENCHMEN,TRUE,prose-sweep,core
hench_henchmen,Henchmen,DERIVED_FROM,race,Race,always of a character race,,PHB,39,HENCHMEN,TRUE,prose-sweep,core
hench_henchmen,Henchmen,DERIVED_FROM,sys_classes,Character Class,always of a character class,,PHB,39,HENCHMEN,TRUE,prose-sweep,core
hench_henchmen,Henchmen,EXCLUDES,rule_player_character,Player Character,never player characters,,PHB,39,HENCHMEN,TRUE,prose-sweep,core
sys_alignment,Alignment,MODIFIES,hench_loyalty,Loyalty,compatibility required,radical difference,PHB,39,HENCHMEN,TRUE,prose-sweep,core
hench_henchmen,Henchmen,CONSUMES,money_gp,Money,recruitment costs,inns notices criers bribes,PHB,39,HENCHMEN,TRUE,prose-sweep,core
hench_henchmen,Henchmen,CONSUMES,money_gp,Money,wage support and upkeep,ongoing,PHB,39,HENCHMEN,TRUE,prose-sweep,core
race,Race,MODIFIES,hench_henchmen,Henchmen,recruitment difficulty,non-human harder to locate,PHB,39,HENCHMEN,TRUE,prose-sweep,core
campaign_circumstances,Campaign Circumstances,MODIFIES,hench_henchmen,Henchmen,availability of non-humans,,PHB,39,HENCHMEN,TRUE,prose-sweep,core
hench_henchmen,Henchmen,CONSUMES,sys_treasure,Treasure,share of money and magic,on adventures,PHB,39,HENCHMEN,TRUE,prose-sweep,core
sys_treasure,Treasure,FEEDS_INTO,hench_experience,Henchman Experience,share generates experience,,PHB,39,HENCHMEN,TRUE,prose-sweep,core
hench_experience,Henchman Experience,MODIFIES,exp_level,Experience Level,reduced award,acting under direction,PHB,39,HENCHMEN,TRUE,prose-sweep,core
rule_direction,Degree of Direction,MODIFIES,hench_experience,Henchman Experience,further reduced,when closely directed,PHB,39,HENCHMEN,TRUE,prose-sweep,core
money_gp,Money,MODIFIES,hench_loyalty,Loyalty,remuneration and bonuses,,PHB,39,HENCHMEN,TRUE,prose-sweep,core
rule_adventuring_involvement,Adventuring Involvement,MODIFIES,hench_loyalty,Loyalty,degree of participation,,PHB,39,HENCHMEN,TRUE,prose-sweep,core
rule_character_actions,Character Actions,MODIFIES,hench_loyalty,Loyalty,what is required of them,,PHB,39,HENCHMEN,TRUE,prose-sweep,core
wpn_range,Weapon Range,MODIFIES,wpn_type_vs_ac,Armor Class Adjustment,penalty at longer ranges,,PHB,38,WEAPON TYPES GENERAL DATA,TRUE,prose-sweep,optional
enc_encumbrance,Encumbrance,MODIFIES,ex_movement_rate,Movement Rate,rate reduced by load,,PHB,101,ENCUMBRANCE,TRUE,prose-sweep,core
enc_encumbrance,Encumbrance,MODIFIES,cbt_initiative,Initiative,reaction slowed,heavier loads,PHB,101,ENCUMBRANCE,TRUE,prose-sweep,core
abil_strength,Strength,MODIFIES,enc_encumbrance,Encumbrance,penalties and bonuses,,PHB,102,ENCUMBRANCE,TRUE,prose-sweep,core
sys_armor,Armor,FEEDS_INTO,enc_encumbrance,Encumbrance,worn weight,,PHB,101,ENCUMBRANCE,TRUE,prose-sweep,core
rule_volume,Volume and Bulk,FEEDS_INTO,enc_encumbrance,Encumbrance,bulk as critical as weight,,PHB,101,ENCUMBRANCE,TRUE,prose-sweep,core
sys_treasure,Treasure,FEEDS_INTO,enc_encumbrance,Encumbrance,carried loot adds load,,PHB,101,ENCUMBRANCE,TRUE,prose-sweep,core
rule_accessibility,Item Accessibility,CONSTRAINS,sys_equipment,Equipment,must be readily reachable,,PHB,101,ENCUMBRANCE,TRUE,prose-sweep,core
ex_movement_rate,Movement Rate,FEEDS_INTO,time_segment_round_turn,Round and Segment,distance per unit time,,PHB,102,MOVEMENT TIME AND DISTANCE FACTORS,TRUE,prose-sweep,core
rule_terrain,Terrain,MODIFIES,ex_movement_rate,Movement Rate,outdoor rate varies,,PHB,102,MOVEMENT OUTDOORS,TRUE,prose-sweep,core
ex_mapping,Mapping,MODIFIES,ex_movement_rate,Movement Rate,movement greatly slowed,,PHB,102,MOVEMENT IN CITIES,TRUE,prose-sweep,core
rule_light,Light,GATES,ex_mapping,Mapping,light required to map,,PHB,102,MOVEMENT IN CITIES,TRUE,prose-sweep,core
race_infravision,Infravision,EXCLUDED_FROM,ex_mapping,Mapping,not suitable for mapping,,PHB,102,MOVEMENT IN CITIES,TRUE,prose-sweep,core
cbt_pursuit_evasion,Pursuit and Evasion,EXCLUDES,ex_mapping,Mapping,no mapping at speed,pursuing or pursued,PHB,102,MOVEMENT IN CITIES,TRUE,prose-sweep,core
rule_trail_marking,Trail Marking,EXCLUDED_FROM,ex_mapping,Mapping,markers unreliable underground,,PHB,102,MOVEMENT IN CITIES,TRUE,prose-sweep,core
rule_light_source,Light Source,FEEDS_INTO,rule_light,Light,radius of illumination,,PHB,102,LIGHT,TRUE,prose-sweep,core
rule_light_source,Light Source,CONSUMES,rule_time,Time,burning time,,PHB,102,LIGHT,TRUE,prose-sweep,core
rule_light_source,Light Source,CONSUMES,rule_oil,Oil,fuel consumed,lanterns,PHB,102,LIGHT,TRUE,prose-sweep,core
item_magic_weapon,Magic Weapon,FEEDS_INTO,rule_light,Light,magic swords illuminate,,PHB,102,LIGHT,TRUE,prose-sweep,core
race_infravision,Infravision,GATES,ex_light_vision,Vision,sight without light,,PHB,102,INFRAVISION,TRUE,prose-sweep,core
rule_light,Light,OVERRIDES,race_infravision,Infravision,spoiled by illumination,,PHB,102,INFRAVISION,TRUE,prose-sweep,core
rule_heat,Heat,OVERRIDES,race_infravision,Infravision,spoiled by great heat,,PHB,102,INFRAVISION,TRUE,prose-sweep,core
race_infravision,Infravision,CONSTRAINS,thief_hide_in_shadows,Hide in Shadows,body heat betrays the thief,unless masked,PHB,102,INFRAVISION,TRUE,prose-sweep,core
rule_heat,Heat,MODIFIES,thief_hide_in_shadows,Hide in Shadows,masks body heat,versus infravision,PHB,102,INFRAVISION,TRUE,prose-sweep,core
rule_ultravision,Ultravision,GATES,ex_light_vision,Vision,sight in night darkness,,PHB,102,ULTRAVISION,TRUE,prose-sweep,core
thief_move_silently,Move Silently,GATES,cbt_surprise,Surprise,improved chance to surprise,,PHB,102,SILENT MOVEMENT,TRUE,prose-sweep,core
item_boots_elvenkind,Boots of Elvenkind,ALTERNATIVE_TO,thief_move_silently,Move Silently,silent movement by item,,PHB,102,SILENT MOVEMENT,TRUE,prose-sweep,core
rule_noise,Noise,OVERRIDES,cbt_surprise,Surprise,negates surprise chance,,PHB,102,SURPRISE,TRUE,prose-sweep,core
rule_light,Light,OVERRIDES,cbt_surprise,Surprise,negates surprise chance,,PHB,102,SURPRISE,TRUE,prose-sweep,core
cbt_surprise,Surprise,CONSUMES,time_segment_round_turn,Segment,segments lost by surprised party,,PHB,102,SURPRISE,TRUE,prose-sweep,core
monster_surprise,Monster Surprise Rating,MODIFIES,cbt_surprise,Surprise,better or worse than standard,,PHB,102,SURPRISE,TRUE,prose-sweep,core
cbt_surprise,Surprise,FEEDS_INTO,cbt_initiative,Initiative,free action during lost time,,PHB,102,SURPRISE,TRUE,prose-sweep,core
rule_awareness,Awareness,OVERRIDES,cbt_surprise,Surprise,cannot be surprised if aware,unless mutually unaware,PHB,103,SURPRISE,TRUE,prose-sweep,core
rule_invisibility,Invisibility,MODIFIES,cbt_surprise,Surprise,improves surprise chance,,PHB,102,INVISIBLE MOVEMENT,TRUE,prose-sweep,core
spell_haste,Haste,TRIGGERS,rule_aging,Aging,ages the recipients,speeded metabolism,PHB,84,HASTE,TRUE,prose-sweep,core
spell_haste,Haste,MODIFIES,ex_movement_rate,Movement Rate,doubled,,PHB,84,HASTE,TRUE,prose-sweep,core
spell_haste,Haste,MODIFIES,cbt_attacks_per_round,Attacks Per Melee Round,doubled,,PHB,84,HASTE,TRUE,prose-sweep,core
spell_haste,Haste,EXCLUDES,rule_spell_casting,Casting a Spell,casting not accelerated,,PHB,84,HASTE,TRUE,prose-sweep,core
spell_haste,Haste,OVERRIDES,spell_slow,Slow,negates the effect,,PHB,84,HASTE,TRUE,prose-sweep,core
exp_level,Experience Level,CONSTRAINS,spell_haste,Haste,number of creatures affected,,PHB,84,HASTE,TRUE,prose-sweep,core
spell_polymorph_other,Polymorph Other,MODIFIES,sys_ability_scores,Ability Scores,acquires new form's abilities,on success,PHB,86,POLYMORPH OTHER,TRUE,prose-sweep,core
abil_intelligence,Intelligence,MODIFIES,spell_polymorph_other,Polymorph Other,resists personality change,,PHB,86,POLYMORPH OTHER,TRUE,prose-sweep,core
spell_statue,Statue,TRIGGERS,save_petrify,Saving Throw vs Petrification,related transformation,,PHB,89,STATUE,TRUE,prose-sweep,core
spell_death_spell,Death Spell,EXCLUDES,rule_lycanthropy,Lycanthropy,does not affect lycanthropes,,PHB,83,DEATH SPELL,TRUE,prose-sweep,core
monster_hd,Hit Dice,CONSTRAINS,spell_death_spell,Death Spell,number slain by victim hit dice,,PHB,83,DEATH SPELL,TRUE,prose-sweep,core
spell_cure_disease,Cure Disease,OVERRIDES,rule_disease,Disease,cures affliction,,PHB,49,CURE DISEASE,TRUE,prose-sweep,core
spell_neutralize_poison,Neutralize Poison,OVERRIDES,save_poison,Poison,detoxifies venom,,PHB,50,NEUTRALIZE POISON,TRUE,prose-sweep,core
spell_cloudkill,Cloudkill,TRIGGERS,save_poison,Saving Throw vs Poison,save required,,PHB,84,CLOUDKILL,TRUE,prose-sweep,core
spell_stinking_cloud,Stinking Cloud,TRIGGERS,save_poison,Saving Throw vs Poison,save required,,PHB,82,STINKING CLOUD,TRUE,prose-sweep,core
spell_atonement,Atonement,OVERRIDES,sys_alignment,Alignment,restores alignment standing,,PHB,51,ATONEMENT,TRUE,prose-sweep,core
spell_know_alignment,Know Alignment,FEEDS_INTO,sys_alignment,Alignment,reveals alignment,,PHB,47,KNOW ALIGNMENT,TRUE,prose-sweep,core
spell_detect_evil,Detect Evil,FEEDS_INTO,sys_alignment,Alignment,detects evil intent,,PHB,44,DETECT EVIL,TRUE,prose-sweep,core
spell_find_familiar,Find Familiar,FEEDS_INTO,sys_alignment,Alignment,familiar type by alignment,,PHB,66,FIND FAMILIAR,TRUE,prose-sweep,core
spell_infravision,Infravision,GATES,race_infravision,Infravision,grants the ability,,PHB,85,INFRAVISION,TRUE,prose-sweep,core
spell_darkness,Darkness,OVERRIDES,race_infravision,Infravision,blocks infrared sight,,PHB,66,DARKNESS 15 RADIUS,TRUE,prose-sweep,core
spell_invisibility,Invisibility,MODIFIES,cbt_surprise,Surprise,improves surprise,,PHB,71,INVISIBILITY,TRUE,prose-sweep,core
spell_bless,Bless,MODIFIES,cbt_morale,Morale,improves morale,,PHB,44,BLESS,TRUE,prose-sweep,core
spell_bless,Bless,MODIFIES,cbt_tohit,To-Hit Roll,attack bonus,,PHB,44,BLESS,TRUE,prose-sweep,core
spell_emotion,Emotion,MODIFIES,cbt_morale,Morale,fear or courage,,PHB,86,EMOTION,TRUE,prose-sweep,core
spell_insect_plague,Insect Plague,MODIFIES,cbt_morale,Morale,drives off low-morale creatures,,PHB,50,INSECT PLAGUE,TRUE,prose-sweep,core
spell_glyph_of_warding,Glyph of Warding,TRIGGERS,exp_level_loss,Level Loss,energy drain variant,,PHB,49,GLYPH OF WARDING,TRUE,prose-sweep,core
spell_spider_climb,Spider Climb,ALTERNATIVE_TO,thief_climb_walls,Climb Walls,scaling surfaces,,PHB,79,SPIDER CLIMB,TRUE,prose-sweep,core
spell_strength,Strength,MODIFIES,abil_strength,Strength,temporary increase,,PHB,79,STRENGTH,TRUE,prose-sweep,core
spell_plant_growth,Plant Growth,MODIFIES,ex_movement_rate,Movement Rate,impedes travel,,PHB,78,PLANT GROWTH,TRUE,prose-sweep,core
spell_dispel_magic,Dispel Magic,RESOLVED_BY,exp_level,Experience Level,probability by level difference,,PHB,67,DISPEL MAGIC,TRUE,prose-sweep,core
spell_permanency,Permanency,OVERRIDES,rule_spell_duration,Spell Duration,makes effect permanent,,PHB,90,PERMANENCY,TRUE,prose-sweep,core
spell_permanency,Permanency,CONSUMES,abil_constitution,Constitution,permanent point loss,,PHB,90,PERMANENCY,TRUE,prose-sweep,core
rule_communication,Communication,GATES,rule_negotiation,Negotiation,must be able to convey intent,,PHB,104,COMMUNICATION,TRUE,prose-sweep,core
rule_languages,Languages,GATES,rule_communication,Communication,common tongue,,PHB,104,COMMUNICATION,TRUE,prose-sweep,core
rule_negotiation,Negotiation,ALTERNATIVE_TO,cbt_melee,Melee Combat,resolving an encounter,,PHB,104,NEGOTIATION,TRUE,prose-sweep,core
rule_negotiation,Negotiation,CONSUMES,money_gp,Money,bribe toll or ransom,,PHB,104,NEGOTIATION,TRUE,prose-sweep,core
monster_intelligence,Monster Intelligence,MODIFIES,rule_negotiation,Negotiation,balances offer against expectation,,PHB,104,NEGOTIATION,TRUE,prose-sweep,core
rule_party_strength,Perceived Party Strength,MODIFIES,rule_negotiation,Negotiation,weakness is exploited,,PHB,104,NEGOTIATION,TRUE,prose-sweep,core
turn_undead,Turning Undead,DERIVED_FROM,sys_combat,Combat,a form of attack,,PHB,104,COMBAT,TRUE,prose-sweep,core
rule_breath_weapon,Breath Weapon,DERIVED_FROM,sys_combat,Combat,a form of attack,,PHB,104,COMBAT,TRUE,prose-sweep,core
rule_gaze_attack,Gaze Weapon,DERIVED_FROM,sys_combat,Combat,a form of attack,,PHB,104,COMBAT,TRUE,prose-sweep,core
cbt_initiative,Initiative,GATES,cbt_melee,Melee Combat,determines first blow,,PHB,104,MELEE COMBAT,TRUE,prose-sweep,core
cbt_attacks_per_round,Attacks Per Melee Round,OVERRIDES,cbt_initiative,Initiative,multiple attackers strike first,against single-attack opponents,PHB,104,MELEE COMBAT,TRUE,prose-sweep,core
wpn_length,Weapon Length,MODIFIES,cbt_initiative,Initiative,affects order of attack,,PHB,104,MELEE COMBAT,TRUE,prose-sweep,core
rule_position,Position,MODIFIES,cbt_initiative,Initiative,affects order of attack,,PHB,104,MELEE COMBAT,TRUE,prose-sweep,core
spell_haste,Haste,MODIFIES,cbt_melee,Melee Combat,doubled attack rate,,PHB,104,MELEE COMBAT,TRUE,prose-sweep,core
spell_slow,Slow,MODIFIES,cbt_melee,Melee Combat,halved attack rate,,PHB,104,MELEE COMBAT,TRUE,prose-sweep,core
cbt_parry,Parry,MODIFIES,cbt_tohit,To-Hit Roll,strength bonus subtracted from opponent,,PHB,104,MELEE COMBAT,TRUE,prose-sweep,core
cbt_parry,Parry,EXCLUDES,cbt_melee,Melee Attack,no return attack that round,,PHB,104,MELEE COMBAT,TRUE,prose-sweep,core
abil_strength,Strength,FEEDS_INTO,cbt_parry,Parry,bonus becomes defensive,,PHB,104,MELEE COMBAT,TRUE,prose-sweep,core
cbt_fall_back,Falling Back,ALTERNATIVE_TO,cbt_parry,Parry,may be combined,,PHB,104,MELEE COMBAT,TRUE,prose-sweep,core
cbt_flee,Fleeing,TRIGGERS,cbt_rear_attack,Rear Attack,exposes the character,,PHB,104,MELEE COMBAT,TRUE,prose-sweep,core
ex_movement_rate,Movement Rate,GATES,cbt_flee,Fleeing,pursuit requires equal speed,,PHB,104,MELEE COMBAT,TRUE,prose-sweep,core
cbt_melee,Melee Combat,TRIGGERS,rule_poison_use,Poison,touch attack form,,PHB,104,MELEE COMBAT,TRUE,prose-sweep,core
cbt_melee,Melee Combat,TRIGGERS,save_petrify,Petrification,touch attack form,,PHB,104,MELEE COMBAT,TRUE,prose-sweep,core
cbt_melee,Melee Combat,TRIGGERS,exp_level_loss,Energy Level Loss,touch attack form,,PHB,104,MELEE COMBAT,TRUE,prose-sweep,core
rule_dm_discretion,DM Discretion,GATES,sys_psionics,Psionics,optional subsystem,,PHB,110,APPENDIX I PSIONICS,TRUE,prose-sweep,optional
abil_intelligence,Intelligence,GATES,psi_ability,Psionic Ability,high score required,,PHB,110,APPENDIX I PSIONICS,TRUE,prose-sweep,optional
abil_wisdom,Wisdom,GATES,psi_ability,Psionic Ability,high score required,,PHB,110,APPENDIX I PSIONICS,TRUE,prose-sweep,optional
abil_charisma,Charisma,GATES,psi_ability,Psionic Ability,high score required,,PHB,110,APPENDIX I PSIONICS,TRUE,prose-sweep,optional
abil_intelligence,Intelligence,MODIFIES,psi_ability,Psionic Ability,largest bonus to the roll,,PHB,110,APPENDIX I PSIONICS,TRUE,prose-sweep,optional
abil_wisdom,Wisdom,MODIFIES,psi_ability,Psionic Ability,bonus to the roll,,PHB,110,APPENDIX I PSIONICS,TRUE,prose-sweep,optional
abil_charisma,Charisma,MODIFIES,psi_ability,Psionic Ability,bonus to the roll,,PHB,110,APPENDIX I PSIONICS,TRUE,prose-sweep,optional
race,Race,GATES,psi_ability,Psionic Ability,humans and possibly dwarves and halflings,,PHB,110,APPENDIX I PSIONICS,TRUE,prose-sweep,optional
psi_ability,Psionic Ability,EXCLUDED_FROM,sys_classes,Class Performance,does not affect class function,,PHB,110,PSIONIC ABILITY,TRUE,prose-sweep,optional
psi_ability,Psionic Ability,FEEDS_INTO,psi_strength_points,Psionic Strength,attack and defense pool,,PHB,110,PSIONIC ABILITY,TRUE,prose-sweep,optional
abil_wisdom,Wisdom Table I,MODIFIES,save_magical_attack,Magical Attack Adjustment,tabulated adjustment,,PHB,11,WISDOM TABLE I,TRUE,table-column,core
abil_dexterity,Dexterity Table I,MODIFIES,dex_reaction_adj,Reaction/Attacking Adjustment,tabulated adjustment,,PHB,11,DEXTERITY TABLE I,TRUE,table-column,core
abil_dexterity,Dexterity Table I,MODIFIES,dex_defensive_adj,Defensive Adjustment,tabulated adjustment,,PHB,11,DEXTERITY TABLE I,TRUE,table-column,core
abil_charisma,Charisma Table,MODIFIES,cha_max_henchmen,Maximum No. of Henchmen,tabulated adjustment,,PHB,13,CHARISMA TABLE,TRUE,table-column,core
abil_charisma,Charisma Table,MODIFIES,cha_loyalty_base,Loyalty Base,tabulated adjustment,,PHB,13,CHARISMA TABLE,TRUE,table-column,core
abil_charisma,Charisma Table,MODIFIES,cha_reaction_adj,Reaction Adjustment,tabulated adjustment,,PHB,13,CHARISMA TABLE,TRUE,table-column,core
spell_hold_person,Hold Person,TRIGGERS,rule_immobile,Immobilised Condition,target becomes automatically hittable,,PHB,,HOLD PERSON,TRUE,general-rule,core
spell_polymorph_self,Polymorph Self,EXCLUDES,rule_system_shock,System Shock Survival,no check required,,PHB,,POLYMORPH SELF,TRUE,correction,core
spell_shape_change,Shape Change,EXCLUDES,rule_system_shock,System Shock Survival,no shock incurred per alteration,,PHB,,SHAPE CHANGE,TRUE,correction,core
spell_polymorph_other,Polymorph Other,MODIFIES,rule_npc_characteristics,Personality and Mentality,recipient may take the new form mind,,PHB,,POLYMORPH OTHER,TRUE,correction,core
spell_polymorph_self,Polymorph Self,EXCLUDES,monster_special,Form Abilities,grants locomotion but not attacks or magic,,PHB,,POLYMORPH SELF,TRUE,correction,core
