id,label,kind,degree,core_degree,in_degree,out_degree,roles
exp_level,Experience Level,exp,172,129,55,117,aggregator|boundary_marker|gated_privilege|gatekeeper|modifier_source|override_source|resolution_machinery|tuning_point
sys_alignment,Alignment,sys,105,85,47,58,aggregator|gated_privilege|gatekeeper|modifier_source|trigger_source|tuning_point
magic_resistance,Magic Resistance,magic,97,92,92,5,accumulator|tuning_point
money_gp,Money,money,89,83,70,19,advancement_currency|aggregator|modifier_source|resource|tuning_point
rule_deity,Deity,rule,69,41,33,36,aggregator|gated_privilege|gatekeeper|modifier_source|trigger_source|triggered_procedure|tuning_point
rule_time,Time,rule,68,56,46,22,gatekeeper|resource|sink
rule_hit_points,Hit Points,rule,67,49,46,21,advancement_currency|modifier_source|tuning_point
cbt_damage,Damage,cbt,67,41,58,9,aggregator|override_source|triggered_procedure|tuning_point
abil_strength,Strength,abil,65,58,26,39,gatekeeper|modifier_source|tuning_point
save_matrix,Saving Throw Matrix,save,65,50,54,11,aggregator|gatekeeper|tuning_point
cbt_melee,Melee Combat,cbt,62,48,52,10,gated_privilege|trigger_source|triggered_procedure
item_magic_weapon,Magic Weapon,item,61,45,45,16,gated_privilege|modifier_source
ex_movement_rate,Movement Rate,ex,60,43,49,11,boundary_marker|gated_privilege|resolution_machinery|tuning_point
sys_classes,Character Class,sys,59,51,25,34,boundary_marker|gated_privilege|gatekeeper|modifier_source|resolution_machinery
gen_random_encounter,Random Encounters,gen,59,52,38,21,aggregator|gated_privilege|trigger_source|triggered_procedure
rule_dm_discretion,DM Discretion,rule,58,40,5,53,gatekeeper|modifier_source|override_source
cbt_pummel_grapple,Pummeling Grappling and Overbearing,cbt,58,36,44,14,aggregator|boundary_marker|gated_privilege|tuning_point
save_poison,Saving Throw vs Poison,save,54,40,52,2,accumulator|triggered_procedure|tuning_point
sys_equipment,Equipment,sys,52,44,37,15,aggregator|boundary_marker|consumer|gated_privilege|logistical_burden|wealth_sink
abil_dexterity,Dexterity,abil,51,43,15,36,gatekeeper|modifier_source|tuning_point
cbt_tohit,To-Hit Roll,cbt,51,37,49,2,accumulator|resolution_machinery|tuning_point
item_magic_item,Magic Device,item,50,38,24,26,advancement_currency|aggregator|gated_privilege|modifier_source|override_source
race_any,Race,race,49,36,7,42,gated_privilege|gatekeeper|modifier_source|wealth_sink
abil_intelligence,Intelligence,abil,48,39,9,39,gatekeeper|modifier_source|tuning_point
rule_planar_travel,Ethereal Plane,rule,48,27,33,15,boundary_marker|gated_privilege|triggered_procedure
rule_spell_casting,Casting a Spell,rule,46,34,38,8,consumer|gated_privilege|resource
spell_cantrip,Cantrip,spell,46,0,10,36,consumer|gated_privilege|modifier_source|time_sink|trigger_source
race_dwarf,Dwarf,race,45,41,5,40,boundary_marker|gatekeeper|modifier_source|wealth_sink
cbt_encounter_reactions,Encounter Reactions,cbt,45,32,41,4,accumulator|aggregator|gated_privilege|triggered_procedure|tuning_point
cbt_surprise,Surprise,cbt,44,37,26,18,gatekeeper|override_source|tuning_point
item_ring,Magic Ring,item,43,40,13,30,gated_privilege|gatekeeper|modifier_source
hench_loyalty,Loyalty Base,hench,42,40,32,10,aggregator|tuning_point
abil_constitution,Constitution,abil,41,36,18,23,gatekeeper|modifier_source|resource|tuning_point
sys_armor,Armor,sys,40,27,18,22,gated_privilege|logistical_burden|modifier_source|wealth_sink
race_elf,Elf,race,39,33,8,31,boundary_marker|gated_privilege|modifier_source|wealth_sink
hench_henchmen,Henchmen,hench,38,36,20,18,consumer|gated_privilege|tuning_point|wealth_sink
cbt_armor_class,Armor Class,cbt,37,24,29,8,tuning_point
death_character,Death,death,36,25,33,3,accumulator|triggered_procedure
rule_lycanthropy,Lycanthropy,rule,35,34,18,17,trigger_source|triggered_procedure
abil_charisma,Charisma,abil,35,26,15,20,gatekeeper|modifier_source|tuning_point
save_spell,Spell,save,34,23,33,1,accumulator|boundary_marker|triggered_procedure|tuning_point
abil_wisdom,Wisdom,abil,33,26,9,24,gatekeeper|modifier_source|tuning_point
monster_special,Special Creatures,monster,33,23,14,19,boundary_marker|gated_privilege
cbt_morale,Morale,cbt,32,29,25,7,aggregator|trigger_source|triggered_procedure|tuning_point
class_paladin,Paladin,class,31,28,20,11,gated_privilege|trigger_source
race_halfling,Halfling,race,31,30,5,26,boundary_marker|gated_privilege|modifier_source
cbt_initiative,Initiative,cbt,31,22,24,7,aggregator|gatekeeper|tuning_point
rule_item_destruction,Item Destruction,rule,31,21,28,3,accumulator|advancement_currency|triggered_procedure
race_gnome,Gnome,race,30,26,4,26,boundary_marker|gated_privilege|gatekeeper|index|modifier_source
cbt_attack_matrix,Attack Matrix,cbt,30,27,24,6,accumulator|aggregator|resolution_machinery
enc_encumbrance,Encumbrance,enc,30,25,25,5,accumulator|aggregator|boundary_marker|tuning_point
sys_treasure,Treasure,sys,30,29,17,13,advancement_currency|aggregator|logistical_burden|resource|sink
rule_npc_characteristics,NPC Personality Traits,rule,30,30,14,16,tuning_point
class_cleric,Cleric,class,29,25,13,16,gated_privilege|gatekeeper
turn_undead,Turning Undead,turn,29,28,17,12,trigger_source|triggered_procedure
sys_psionics,Psionics,sys,29,26,29,0,accumulator|resolution_machinery
item_scroll,Scroll,item,29,14,9,20,boundary_marker|gated_privilege|resource
monster_undead,Undead,monster,28,18,19,9,boundary_marker|triggered_procedure
cursed_item,Cursed Sword,cursed,28,21,25,3,accumulator
race_half_orc,Half-Orc,race,27,25,4,23,boundary_marker|index|modifier_source
rule_languages,Languages,rule,27,23,19,8,gated_privilege|gatekeeper
class_followers,Followers,class,27,27,17,10,aggregator|consumer|gated_privilege|wealth_sink
cbt_pursuit_evasion,Pursuit and Evasion,cbt,27,27,23,4,accumulator|gated_privilege|tuning_point
rule_cleric_spells,Cleric Spells,rule,26,21,18,8,consumer|gated_privilege|tuning_point|wealth_sink
monster_hd,Hit Dice,monster,26,19,8,18,advancement_currency|wealth_sink
class_monk,Monk,class,25,25,11,14,boundary_marker|gated_privilege
comeliness,Comeliness,comeliness,25,2,16,9,tuning_point
campaign_social_class,Social Class and Rank,campaign,25,17,13,12,gated_privilege
rule_declared_action,Declared Action,rule,25,13,16,9,gated_privilege|override_source
rule_terrain,Terrain,rule,24,18,8,16,gatekeeper|modifier_source|resolution_machinery
class_magic_user,Magic-User,class,24,23,10,14,gated_privilege|gatekeeper
class_assassin,Assassin,class,24,23,10,14,gated_privilege|gatekeeper
time_segment_round_turn,Round and Segment,time,24,18,16,8,resource|sink
race_infravision,Infravision,race,24,15,20,4,accumulator|gated_privilege
class_druid,Druid,class,23,14,12,11,consumer|gated_privilege
cbt_missile,Missile Fire,cbt,23,13,22,1,accumulator|boundary_marker|gated_privilege|tuning_point
wpn_stats,Weapon Statistics,wpn,23,2,8,15,boundary_marker
item_wand,Wand,item,23,20,9,14,boundary_marker|trigger_source
sys_ability_scores,Ability Scores,sys,22,16,19,3,tuning_point
rule_ceremony,Druidic Ceremony,rule,22,0,5,17,boundary_marker
tbl_age_categories,Age Categories Table,tbl,21,20,5,16,modifier_source|resolution_machinery
rule_disease,Disease,rule,21,11,15,6,time_sink|triggered_procedure
rule_multiclass,Multi-Class,rule,21,16,10,11,gated_privilege|override_source
exp_level_loss,Level Loss,exp,21,19,16,5,triggered_procedure
class_fighter,Fighter,class,20,14,10,10,gated_privilege|gatekeeper
tbl_lycanthropy_change,Lycanthropy Change Table,tbl,20,20,16,4,gated_privilege|triggered_procedure
thief_skills,Thief Skills,thief,20,15,20,0,accumulator|gated_privilege|tuning_point
class_bard,Bard,class,20,0,14,6,gated_privilege
class_cavalier,Cavalier,class,20,0,11,9,gated_privilege
item_artifact,Artifacts and Relics,item,20,0,3,17,gatekeeper|wealth_sink
item_deck_many_things,Deck of Many Things,item,20,20,3,17,advancement_currency|modifier_source|trigger_source
rule_insanity,Insanity,rule,19,15,12,7,triggered_procedure
rule_player_character,Player Character,rule,19,13,15,4,boundary_marker
tbl_gem_value,Base Value of Gems,tbl,19,15,16,3,advancement_currency|resource|sink|tuning_point
gen_random_dungeon,Random Dungeon Generation,gen,19,19,4,15,trigger_source
rule_aging,Aging,rule,18,12,11,7,
rule_spell_memorization,Spell Memorization,rule,18,13,14,4,consumer|gated_privilege|resource|time_sink
rule_siege_engine,Siege Engines,rule,18,17,8,10,override_source|resolution_machinery|tuning_point
sys_experience,Experience Points,sys,17,14,17,0,boundary_marker|tuning_point
race_half_elf,Half-Elf,race,17,17,4,13,boundary_marker|gated_privilege
class_thief,Thief,class,17,13,7,10,gatekeeper
item_magic_armor,Magic Armor,item,17,15,1,16,advancement_currency|modifier_source
class_thief_acrobat,Thief-Acrobat,class,17,0,5,12,gated_privilege
hench_nonhuman_troops,Non-Human Troops,hench,17,17,12,5,gated_privilege|wealth_sink
rule_body_system,Area of Body Affected,rule,17,17,2,15,modifier_source|trigger_source
class_ranger,Ranger,class,16,12,12,4,gated_privilege
rule_spell_book,Spell Book,rule,16,14,8,8,consumer|gated_privilege
dex_defensive_adj,Dexterity Defensive Adjustment,dex,16,14,14,2,
rule_light,Light,rule,16,12,8,8,aggregator|override_source
ex_light_vision,Vision,ex,16,12,14,2,gated_privilege|triggered_procedure
monster_intelligence,Monster Intelligence,monster,16,12,0,16,gatekeeper
item_saving_throw,Item Saving Throw,item,16,12,13,3,triggered_procedure|tuning_point
campaign_construction,Construction,campaign,16,15,10,6,consumer|gated_privilege|time_sink|wealth_sink
tbl_minor_malevolent,Minor Malevolent Effects,tbl,16,15,3,13,modifier_source
tbl_traps,Trap List,tbl,16,13,4,12,resolution_machinery|trigger_source
rule_stronghold,Stronghold,rule,15,14,8,7,gated_privilege|gatekeeper
campaign_territory,Territory,campaign,15,13,6,9,gated_privilege|wealth_sink
cbt_attacks_per_round,Attacks Per Melee Round,cbt,15,12,11,4,tuning_point
class_barbarian,Barbarian,class,15,0,4,11,boundary_marker
tbl_height_weight,Height and Weight Tables,tbl,15,12,5,10,logistical_burden
rule_dice_probability,Dice Probability Curves,rule,15,15,12,3,resolution_machinery
rule_information,Information,rule,15,12,14,1,gated_privilege
rule_loyalty_check,Loyalty Check,rule,15,15,10,5,trigger_source|triggered_procedure
ex_falling,Falling Damage,ex,15,7,14,1,triggered_procedure
monster_demon_devil,Demons and Devils,monster,14,12,11,3,triggered_procedure
rule_disguise,Disguise,rule,14,9,10,4,tuning_point
rule_shield,Shield,rule,14,8,5,9,logistical_burden
item_command_word,Command Word,item,14,13,7,7,gatekeeper
rule_setting_traps,Setting Traps,rule,14,14,6,8,gated_privilege|wealth_sink
rule_sage_chance_to_know,Chance of Knowing,rule,14,13,7,7,consumer|time_sink|wealth_sink
rule_fear,Fear or Religious Awe,rule,14,7,11,3,triggered_procedure
tbl_prime_powers,Prime Powers,tbl,14,11,3,11,trigger_source
cbt_subdue,Striking to Subdue,cbt,14,5,8,6,gated_privilege
rule_immobile,Total Immobility,rule,14,10,10,4,triggered_procedure
rule_charges,Charges,rule,14,6,12,2,resource|sink
spell_taunt,Itching,spell,14,0,5,9,
class_illusionist,Illusionist,class,13,10,10,3,gated_privilege
race_subrace,Sub-Race,race,13,3,0,13,modifier_source
rule_poison_use,Use of Poison,rule,13,13,7,6,gated_privilege
rule_alignment_languages,Alignment Languages,rule,13,13,7,6,gated_privilege
rule_stun,Stunning Blow,rule,13,13,6,7,triggered_procedure
rule_distraction,Distraction,rule,13,10,9,4,triggered_procedure
rule_character_actions,Character Actions,rule,13,12,6,7,
rule_scrying,Crystal Balls and Scrying,rule,13,10,10,3,
rule_secondary_skills,Secondary Skills,rule,13,0,6,7,gatekeeper
rule_spying,Spying,rule,13,13,6,7,gated_privilege|time_sink
rule_underwater,Underwater Adventures,rule,13,7,2,11,modifier_source
rule_mount,Mount,rule,13,5,6,7,gated_privilege|wealth_sink
save_breath,Breath Weapon,save,13,12,12,1,triggered_procedure
rule_quest,Journey to Claim the Steed,rule,13,10,6,7,time_sink|triggered_procedure
cbt_overbear,Overbearing,cbt,13,13,7,6,gated_privilege
rule_protection_circle,Circle of Protection,rule,13,12,6,7,
rule_polearm,Pole Arms,rule,13,0,4,9,
spell_wish,Wish,spell,12,10,3,9,override_source
rule_spell_level,Spell Level,rule,12,11,1,11,time_sink
save_petrify,Saving Throw vs Petrification,save,12,9,9,3,triggered_procedure
psi_attack_modes,Psionic Attack,psi,12,0,7,5,
monster_size,Opponent Size,monster,12,7,2,10,
spell_dispel_magic,Dispel Magic,spell,12,7,2,10,override_source
rule_alcohol,Alcohol,rule,12,11,2,10,modifier_source
tbl_sage_fields,Sage Fields of Study,tbl,12,12,6,6,gated_privilege
rule_unconsciousness,Unconsciousness,rule,12,7,8,4,
tbl_sage_special_categories,Special Knowledge Categories,tbl,12,12,2,10,gatekeeper
rule_system_shock,System Shock Survival,rule,11,11,11,0,triggered_procedure
rule_death_age,Death Due to Age,rule,11,11,6,5,override_source
spell_raise_dead,Raise Dead,spell,11,10,6,5,resolution_machinery|wealth_sink
spell_cure_disease,Cure Disease,spell,11,10,6,5,override_source
rule_ability_generation,Ability Score Generation,rule,11,10,8,3,
item_enchant,Enchanting Items,item,11,10,7,4,consumer|gated_privilege|time_sink|wealth_sink
thief_find_remove_traps,Find/Remove Traps,thief,11,9,5,6,
align_change,Changing Alignment,align,11,10,3,8,trigger_source
prof_weapon,Weapon Proficiency,prof,11,5,9,2,resource
wpn_range,Weapon Range,wpn,11,6,7,4,
ex_mapping,Mapping,ex,11,9,10,1,
cbt_encounter_distance,Encounter Distance,cbt,11,11,3,8,
rule_holy_water,Holy Water,rule,11,11,4,7,
xp_monster,Experience Point Value of Monsters,xp,11,11,7,4,advancement_currency|aggregator
prof_specialization,Weapon Specialization,prof,11,0,5,6,boundary_marker
campaign_settlement,Town or City,campaign,11,10,1,10,modifier_source
hench_sage,Sage,hench,11,10,4,7,gatekeeper
gen_wandering_monsters,Wandering Monster Check,gen,11,11,7,4,consumer|gated_privilege
xp_magic_items,Experience Value of Magic Items,xp,11,7,10,1,aggregator
tbl_npc_magic_items,Chance Per Level For Magic Item,tbl,11,11,6,5,
tbl_info_discovery,Information Discovery Time and Cost,tbl,11,11,6,5,consumer|time_sink|wealth_sink
rule_spy_discovery,Chance of Discovery,rule,11,11,7,4,
spell_sleep,Sleep,spell,11,11,6,5,
fatigue,Exhaustion,fatigue,11,10,6,5,time_sink
spell_detect_magic,Detect Magic,spell,11,3,3,8,
spell_chromatic_orb,Chromatic Orb,spell,11,0,2,9,trigger_source
spell_enthrall,Enthrall,spell,11,0,6,5,
spell_haste,Haste,spell,10,10,2,8,
tbl_chance_disease,Chance of Contracting Disease,tbl,10,10,8,2,tuning_point
spell_remove_curse,Remove Curse,spell,10,10,2,8,override_source
tbl_racial_preferences,Racial Preferences Table,tbl,10,8,5,5,
hench_hirelings,Hirelings,hench,10,10,7,3,wealth_sink
rule_magic_user_spells,Magic-User Spells,rule,10,7,7,3,
thief_open_locks,Open Locks,thief,10,9,6,4,
thief_read_languages,Read Languages,thief,10,10,5,5,
psi_combat,Psionic Combat,psi,10,0,6,4,consumer
rule_rest,Rest and Nourishment,rule,10,6,6,4,gated_privilege|time_sink
cbt_flee,Fleeing,cbt,10,9,8,2,gated_privilege|triggered_procedure
training,Training,training,10,10,6,4,consumer|time_sink|wealth_sink
rule_tutor,Tutor,rule,10,7,3,7,gatekeeper
rule_detection,Detection,rule,10,7,8,2,gated_privilege
xp_treasure,Experience for Treasure,xp,10,10,9,1,aggregator
rule_waterborne_travel,Waterborne Adventures,rule,10,9,8,2,gated_privilege
rule_disease_severity,Severity,rule,10,10,5,5,time_sink
tbl_treasure_map,Map Table,tbl,10,9,6,4,aggregator
magic_item_determination,Magic Items Table,magic,10,7,3,7,advancement_currency
rule_tricks,Tricks,rule,10,10,2,8,trigger_source
item_rod_alertness,Rod of Alertness,item,10,0,1,9,trigger_source
spell_dream,Dream,spell,10,0,3,7,
tbl_parasite,Parasitic Infestation Table,tbl,9,8,5,4,
rule_chance_know_spell,Chance to Know Each Listed Spell,rule,9,5,6,3,resolution_machinery
spell_components,Spell Components,spell,9,9,7,2,
thief_move_silently,Move Silently,thief,9,7,5,4,
thief_backstab,Back Stab,thief,9,9,5,4,
rule_invisibility,Invisibility,rule,9,9,1,8,
rule_negotiation,Negotiation,rule,9,9,5,4,wealth_sink
psi_ability,Psionic Ability,psi,9,0,7,2,gated_privilege
tbl_followers_ranger,Rangers Followers Table,tbl,9,9,2,7,
tbl_spy_failure,Spy Failure Table,tbl,9,9,6,3,
hench_mercenary,Mercenary Soldier,hench,9,9,5,4,
hench_engineer,Engineer,hench,9,9,3,6,gatekeeper|wealth_sink
rule_vessel,Vessel Class,rule,9,9,3,6,
campaign_climate,Climate and Ecology,campaign,9,7,3,6,resolution_machinery
campaign_taxation,Taxation,campaign,9,9,5,4,consumer|wealth_sink
rule_player_knowledge,Player Character Knowledge,rule,9,6,5,4,
rule_herbs,Herbs,rule,9,9,2,7,
rule_lycanthropy_cure_regimen,Herbal Cure Regimen,rule,9,9,4,5,consumer|time_sink|wealth_sink
rule_recruitment_method,Recruitment Method,rule,9,9,2,7,wealth_sink
rule_henchman_acceptance,Acceptance Interest,rule,9,9,7,2,tuning_point
rule_party_creation,Creating a Party,rule,9,9,6,3,
item_egg_reason,Egg of Reason,item,9,0,5,4,
spell_wraithform,Wraithform,spell,9,0,4,5,
item_ring_faerie,Ring of Faerie,item,9,0,2,7,gatekeeper
spell_leomunds_belabourment,Leomund's Lamentable Belabourment,spell,9,0,4,5,trigger_source
spell_polymorph_other,Polymorph Others,spell,8,6,2,6,
rule_lifespan,Lifespan,rule,8,8,8,0,resource|sink
rule_provisions,Food and Water Quality,rule,8,4,6,2,gated_privilege
spell_monster_summoning,Monster Summoning,spell,8,8,4,4,
str_bend_bars,Bend Bars/Lift Gates,str,8,6,4,4,
rule_magic_item_use,Magic Item Use,rule,8,8,8,0,gated_privilege
item_brew_potion,Concocting Potions,item,8,8,5,3,consumer|time_sink
thief_pick_pockets,Pick Pockets,thief,8,7,4,4,
thief_climb_walls,Climb Walls,thief,8,5,6,2,
cbt_rear_attack,Rear Attack,cbt,8,7,4,4,
spell_knock,Knock,spell,8,8,1,7,
ex_secret_doors,Secret Doors,ex,8,7,8,0,gated_privilege
rule_ultravision,Ultravision,rule,8,2,4,4,
spell_permanency,Permanency,spell,8,2,2,6,
rule_communication,Communication,rule,8,7,5,3,
spell_disruption,Spell Disruption,spell,8,5,6,2,triggered_procedure
tbl_poisons,Poisons Table,tbl,8,8,1,7,consumer|wealth_sink
rule_gem_properties,Gem Magical Properties,rule,8,8,2,6,
rule_gem_variation,Increase or Decrease of Worth,rule,8,8,4,4,
hench_ship_crew,Ship Crew,hench,8,8,1,7,
hench_ship_master,Ship Master,hench,8,8,5,3,
rule_sex,Character Sex,rule,8,7,3,5,
rule_npc_magic_user,NPC Magic-User,rule,8,8,3,5,consumer|wealth_sink
rule_concealment,Concealment,rule,8,3,7,1,
rule_prone,Prone or Helpless Opponent,rule,8,3,5,3,triggered_procedure
item_rod_lordly_might,Rod of Lordly Might,item,8,8,1,7,
item_scarab_protection,Scarab of Protection,item,8,8,2,6,
rule_genre_conversion,Genre Conversion,rule,8,0,2,6,
spell_crystalbrittle,Crystalbrittle,spell,8,0,4,4,
item_elixir_health,Elixir of Health,item,8,0,1,7,override_source
spell_contingency,Contingency,spell,8,0,4,4,
item_shoes_fharlanghn,Shoes of Fharlanghn,item,8,0,2,6,boundary_marker
spell_leomunds_shelter,Leomund's Secure Shelter,spell,8,0,5,3,
rule_temperature,Heating and Cooling,rule,8,0,6,2,
spell_binding,Binding,spell,8,0,4,4,
str_exceptional,Exceptional Strength,str,7,6,3,4,
tbl_adjust_occurrence,Adjustments to Occurrence and Severity,tbl,7,7,5,2,tuning_point
spell_conjure_animals,Conjure Animals,spell,7,7,2,5,
str_open_doors,Open Doors,str,7,7,3,4,time_sink
rule_noise,Noise,rule,7,4,5,2,triggered_procedure
rule_spell_failure,Chance of Spell Failure,rule,7,4,5,2,triggered_procedure
item_scribe_scroll,Scribing Scrolls,item,7,7,5,2,consumer|time_sink|wealth_sink
thief_hide_in_shadows,Hide in Shadows,thief,7,6,6,1,
rule_open_hand_combat,Open Hand Combat,rule,7,6,2,5,
rule_light_source,Light Source,rule,7,4,3,4,consumer|time_sink
rule_oil,Oil,rule,7,7,1,6,
wpn_speed_factor,Weapon Speed Factor,wpn,7,6,1,6,
cbt_grenade_missile,Grenade-Like Missiles,cbt,7,6,5,2,
rule_npc_generation,NPC Ability Generation,rule,7,7,5,2,
hench_armorer,Armorer,hench,7,7,4,3,consumer|time_sink|wealth_sink
hench_jeweler,Jeweler-Gemcutter,hench,7,7,3,4,time_sink
rule_hp_recovery,Hit Point Recovery,rule,7,4,7,0,
rule_wind,Wind Force,rule,7,6,0,7,
rule_water_breathing,Breathing,rule,7,6,7,0,gated_privilege
campaign_peasants,Peasants Serfs and Slaves,campaign,7,7,2,5,
rule_spell_research,Spell Research,rule,7,7,4,3,consumer|gated_privilege|time_sink|wealth_sink
tbl_major_malevolent,Major Malevolent Effects,tbl,7,6,2,5,trigger_source
tbl_side_effects,Side Effects,tbl,7,6,2,5,
gen_dungeon_level,Dungeon Level,gen,7,7,2,5,
rule_helmet,Helmet,rule,7,6,1,6,logistical_burden
rule_deity_change,Changing Deities,rule,7,7,2,5,
tbl_gemcutter_skill,Gemcutter Skill Level,tbl,7,7,3,4,
rule_pc_expenses,Player Character Expenses,rule,7,7,5,2,resource|wealth_sink
cbt_aerial,Aerial Combat,cbt,7,7,4,3,
rule_uncontrolled_fire,Uncontrolled Fire,rule,7,3,6,1,
rule_psychic_wind,Psychic Wind,rule,7,7,4,3,
item_crystal_hypnosis,Crystal Hypnosis Ball,item,7,7,2,5,
item_helm_brilliance,Helm of Brilliance,item,7,7,1,6,
item_necklace_prayer_beads,Necklace of Prayer Beads,item,7,7,2,5,
sword_ego_vs_personality,Intelligence and Ego,sword,7,7,5,2,aggregator
gen_lower_planes,Lower Planes Creature Generation,gen,7,7,1,6,
spell_cloudburst,Cloudburst,spell,7,0,3,4,override_source
item_staff_slinging,Staff of Slinging,item,7,0,1,6,
rule_generation_method_v,Method V,rule,7,0,4,3,
spell_goodberry,Goodberry,spell,7,0,2,5,
rule_barbarian_horde,Barbarian Horde,rule,7,0,6,1,time_sink
spell_magic_armor,Magic Armor,spell,7,0,4,3,
tbl_max_char_age,Maximum Character Age Table,tbl,6,6,3,3,
tbl_armor_damage_lycan,Armor Damage to Lycanthropes,tbl,6,6,4,2,
class_paladin_loss,Loss of Paladinhood,class,6,6,3,3,
tbl_assassination,Assassination Table,tbl,6,6,2,4,
wpn_length,Weapon Length,wpn,6,3,2,4,
spell_component_material,Material Component,spell,6,6,4,2,resource
abil_cha_max_henchmen,Maximum Henchmen,abil,6,6,4,2,
cbt_charge,Charging,cbt,6,5,2,4,
rule_cover,Cover,rule,6,6,2,4,
sword_intelligence,Sword Intelligence,sword,6,6,0,6,gatekeeper
sword_primary_abilities,Primary Abilities,sword,6,6,2,4,
dex_reaction_adj,Reaction/Attacking Adjustment,dex,6,6,1,5,
tbl_followers_thief,Thieves Followers Table,tbl,6,6,2,4,
hench_expert_hirelings,Specialists,hench,6,6,3,3,gated_privilege|wealth_sink
rule_question_difficulty,Question Difficulty,rule,6,6,4,2,resolution_machinery
rule_apprenticeship,Apprenticeship,rule,6,5,2,4,
rule_detection_invisibility,Detection of Invisibility,rule,6,6,5,1,resolution_machinery
save_rod_staff_wand,Rod Staff or Wand,save,6,6,6,0,
rule_treasure_placement,Placement of Monetary Treasure,rule,6,6,1,5,advancement_currency
tbl_minor_benign,Minor Benign Powers,tbl,6,5,1,5,
hench_serjeant,Serjeant,hench,6,6,3,3,wealth_sink
rule_paladin_warhorse,Paladin's Warhorse,rule,6,6,4,2,time_sink
rule_mission_category,Mission Category,rule,6,6,1,5,time_sink
tbl_assassin_spying,Assassin Spying Table,tbl,6,6,5,1,
monster_dragon,Copper Dragon Follower,monster,6,4,2,4,
rule_torture,Torture,rule,6,6,1,5,
xp_assassination,Assassination Experience,xp,6,6,5,1,
hench_blacksmith,Blacksmith,hench,6,6,4,2,wealth_sink
rule_special_ink,Magical Ink,rule,6,6,4,2,wealth_sink
potion_poison,Poison Potion,potion,6,5,2,4,
spell_levitate,Levitation,spell,6,6,2,4,
psi_defense_modes,Defense Mode,psi,6,0,2,4,
spell_esp,Psionic-Related Spells,spell,6,5,4,2,
item_rod_cancellation,Rod of Cancellation,item,6,6,2,4,
item_wand_negation,Wand of Negation,item,6,6,1,5,override_source
spell_magic_jar,Magic Jar,spell,6,4,6,0,triggered_procedure
item_book_infinite_spells,Book of Infinite Spells,item,6,6,3,3,
item_cloak_elvenkind,Cloak of Elvenkind,item,6,6,5,1,
item_cloak_manta,Cloak of the Manta Ray,item,6,6,2,4,
item_flask_curses,Flask of Curses,item,6,6,2,4,
item_gauntlets_dexterity,Gauntlets of Dexterity,item,6,6,2,4,
item_horn_tritons,Horn of the Tritons,item,6,6,1,5,
item_manual_pilfering,Manual of Stealthy Pilfering,item,6,6,3,3,
item_robe_scintillating,Robe of Scintillating Colors,item,6,6,2,4,
item_rod_seven_parts,Rod of Seven Parts,item,6,6,3,3,
rule_illusion,Illusion of High Comeliness,rule,6,0,5,1,
rule_entanglement,Entanglement,rule,6,0,4,2,
spell_melfs_minute_meteors,Melf's Minute Meteors,spell,6,0,4,2,
rule_birth,Circumstances of Birth,rule,6,0,4,2,
spell_fascinate,Fascinate,spell,6,0,4,2,resolution_machinery
spell_moonbeam,Moonbeam,spell,6,0,0,6,
spell_imbue_spell_ability,Imbue With Spell Ability,spell,6,0,3,3,
spell_heroes_feast,Heroes' Feast,spell,6,0,1,5,
item_ring_clumsiness,Ring of Clumsiness,item,6,0,2,4,
item_girdle_dwarvenkind,Girdle of Dwarvenkind,item,6,0,1,5,
tbl_disease_disorder,Disease (or Disorder) Table,tbl,5,5,2,3,
monster_lycanthrope,Lycanthrope,monster,5,5,0,5,
rule_lay_on_hands,Lay on Hands,rule,5,5,3,2,
rule_poison_detection,Poison Detection,rule,5,5,4,1,
rule_monk_kill,Killing Blow,rule,5,5,3,2,
psi_strength_points,Psionic Strength,psi,5,0,4,1,
rule_alignment_graph,Alignment Graph,rule,5,5,2,3,
rule_involuntary_change,Involuntary Change,rule,5,5,3,2,
prof_nonproficiency_penalty,Non-Proficiency Penalty,prof,5,3,4,1,
hench_experience,Henchman Experience,hench,5,5,3,2,
wpn_type_vs_ac,Armor Class Adjustment,wpn,5,0,4,1,
spell_slow,Slow,spell,5,5,2,3,
spell_atonement,Atonement,spell,5,5,0,5,override_source|wealth_sink
sys_combat,Combat,sys,5,4,5,0,
cbt_parry,Parry,cbt,5,4,3,2,
spell_casting_time,Casting Time,spell,5,3,2,3,
rule_fascinate,Fascinate,rule,5,0,2,3,
tbl_followers_assassin,Assassins Followers Table,tbl,5,5,3,2,
hench_alchemist,Alchemist,hench,5,5,1,4,wealth_sink
hench_betrayal,Betrayal,hench,5,5,5,0,
rule_aerial_travel,Aerial Travel,rule,5,4,4,1,gated_privilege
rule_xp_division,Adjustment and Division of Experience,rule,5,5,3,2,
rule_game_balance,Game Balance,rule,5,3,5,0,
rule_sage_short_term,Short-Term Sage Employment,rule,5,5,0,5,wealth_sink
hench_scribe,Scribe,hench,5,5,1,4,
rule_ground_scale,Ground Scale,rule,5,5,1,4,
tbl_char_age_nonhuman,Non-Human Character Age Table,tbl,5,5,4,1,
hench_weaponer,Weapon Maker,hench,5,5,2,3,consumer|time_sink|wealth_sink
tbl_wall_climbing,Wall Climbing Table,tbl,5,5,2,3,
rule_starting_money,Player Character Starting Money,rule,5,5,2,3,
rule_time_of_day,Time of Day,rule,5,5,1,4,gatekeeper|resolution_machinery
spell_fly,Fly,spell,5,5,1,4,
rule_ship_damage,Ship Damage,rule,5,5,2,3,
spell_charm_person,Charm,spell,5,4,4,1,
rule_special_ingredient,Special Ingredient,rule,5,5,3,2,
potion_fire_resistance,Fire Resistance,potion,5,5,1,4,
item_amulet_life,Amulet of Life Protection,item,5,4,1,4,boundary_marker
item_book_vile_darkness,Book of Vile Darkness,item,5,5,0,5,time_sink
item_bracers_defenselessness,Bracers of Defenselessness,item,5,5,2,3,
item_brazier_sleep,Brazier of Sleep Smoke,item,5,5,1,4,
item_cube_force,Cube of Force,item,5,5,0,5,
item_gauntlets_fumbling,Gauntlets of Fumbling,item,5,5,2,3,
item_bard_instrument,Bardic Instruments,item,5,3,1,4,
item_jewel_attacks,Jewel of Attacks,item,5,5,1,4,
item_phylactery_attention,Phylactery of Monstrous Attention,item,5,5,3,2,
item_mace_cuthbert,Mace of Cuthbert,item,5,5,2,3,
item_orb_dragonkind,Orbs of Dragonkind,item,5,5,1,4,
item_mace_disruption,Mace of Disruption,item,5,5,1,4,
rule_firearms,Firearms,rule,5,0,1,4,
item_elixir_life,Elixir of Life,item,5,0,2,3,time_sink
item_boots_winged,Winged Boots,item,5,0,2,3,
spell_mordenkainens_mansion,Mordenkainen's Magnificent Mansion,spell,5,0,2,3,
item_anything_wand,Anything Wand,item,5,0,1,4,
item_buckler_wand,Buckler Wand,item,5,0,2,3,
item_deck_illusions,Deck of Illusions,item,5,0,3,2,
spell_endure_cold_heat,Endure Cold/Heat,spell,5,0,2,3,
spell_remove_paralysis,Remove Paralysis,spell,5,0,1,4,
spell_sunray,Sunray,spell,5,0,2,3,
spell_sicken,Sicken,spell,5,0,2,3,
spell_eyebite,Eyebite,spell,5,0,1,4,
item_ring_mind_shielding,Ring of Mind Shielding,item,5,0,0,5,
tbl_magical_aging,Magical Aging Causes,tbl,4,4,3,1,
spell_alter_reality,Alter Reality,spell,4,4,0,4,
spell_gate,Gate,spell,4,4,1,3,consumer|wealth_sink
spell_resurrection,Resurrection,spell,4,4,2,2,
potion_speed,Potion of Speed,potion,4,4,0,4,
tbl_chance_parasite,Chance of Parasitic Infestation,tbl,4,4,2,2,
rule_moon_phase,Moon Phase,rule,4,4,0,4,
spell_protection_from_evil,Protection from Evil,spell,4,3,2,2,
rule_ranger_spells,Ranger Spell Use,rule,4,4,2,2,
rule_druid_spells,Druid Spells,rule,4,2,2,2,
thief_hear_noise,Hear Noise,thief,4,4,3,1,
rule_observer,Observer,rule,4,4,0,4,
thief_read_scrolls,Use Scrolls,thief,4,3,2,2,
spell_wizard_lock,Wizard Lock,spell,4,3,2,2,
rule_assassins_guild,Assassins Guild,rule,4,4,2,2,
rule_instant_death,Instant Death,rule,4,4,4,0,triggered_procedure
spell_component_verbal,Verbal Component,spell,4,4,1,3,
spell_component_somatic,Somatic Component,spell,4,4,0,4,
spell_stinking_cloud,Stinking Cloud,spell,4,3,3,1,
spell_bless,Bless,spell,4,3,1,3,
rule_performance_rating,Performance Rating,rule,4,4,1,3,
sword_alignment,Sword Alignment,sword,4,3,1,3,
potion_miscibility,Potion Miscibility,potion,4,4,1,3,
rule_potion_use,Drinking a Potion,rule,4,3,2,2,
tbl_secondary_skills,Secondary Skills Table,tbl,4,0,1,3,
rule_char_gen,Character Generation,rule,4,0,3,1,
tbl_armorer_skill,Armorer Skill Level,tbl,4,4,2,2,
rule_liege_status,Liege Incapacitated or Slain,rule,4,4,0,4,
rule_flying_mount,Flying Mount,rule,4,4,1,3,wealth_sink
ex_swimming,Swimming,ex,4,4,4,0,
tbl_morale_failure,Morale Failure,tbl,4,4,1,3,
rule_item_material,Item Material,rule,4,2,1,3,resolution_machinery
rule_magic_item_placement,Placement of Magic Items,rule,4,4,0,4,advancement_currency
item_nonstandard,Non-Standard Magic Items,item,4,4,3,1,
gen_monster_level_matrix,Monster Level Determination Matrix,gen,4,4,1,3,
rule_dice_convention,Dice Conventions,rule,4,3,1,3,
rule_order_of_march,Order of March,rule,4,4,3,1,
rule_lifting,Lifting Capacity,rule,4,4,3,1,logistical_burden
rule_follower_arrival,Follower Arrival,rule,4,4,2,2,time_sink
rule_rare_commodities,Rare Commodities,rule,4,4,0,4,advancement_currency
spell_gust_of_wind,Gust of Wind,spell,4,3,0,4,override_source
rule_secret_roll,Secret Dice Roll,rule,4,4,0,4,gatekeeper
rule_racial_distribution,Racial Distribution,rule,4,4,3,1,
item_broom_flying,Broom of Flying,item,4,4,0,4,
item_carpet_flying,Carpet of Flying,item,4,4,0,4,
rule_hull_value,Hull Value,rule,4,4,3,1,
rule_ship_repair,Repairing Damage,rule,4,4,1,3,consumer|time_sink|wealth_sink
spell_hold_person,Held or Paralyzed,spell,4,3,2,2,
rule_barrier,Physical or Magical Barrier,rule,4,2,1,3,
spell_prayer,Prayer,spell,4,3,2,2,
rule_secret_variable,Secret Variable,rule,4,4,1,3,
monster_elemental,Elemental Creatures,monster,4,4,4,0,
rule_ring_malfunction,Ring Malfunction,rule,4,4,3,1,
item_staff_curing,Staff of Curing,item,4,4,0,4,
rule_spell_absorption,Spell Absorption,rule,4,4,1,3,
item_alchemy_jug,Alchemy Jug,item,4,4,0,4,
item_amulet_location,Amulet of Inescapable Location,item,4,4,1,3,
item_bag_holding,Bag of Holding,item,4,3,0,4,
item_bag_transmuting,Bag of Transmuting,item,4,3,1,3,
rule_page_turn,Page Turning,rule,4,4,2,2,
item_figurine,Figurines of Wondrous Power,item,4,4,1,3,
item_helm_languages,Helm of Comprehending Languages,item,4,4,0,4,
item_horn_valhalla,Horn of Valhalla,item,4,4,2,2,
item_javelin_piercing,Javelin of Piercing,item,4,4,1,3,
item_talisman_sphere,Talisman of the Sphere,item,4,4,1,3,
item_sphere_annihilation,Sphere of Annihilation,item,4,4,3,1,
sword_personality_conflict,Personality Conflict,sword,4,4,0,4,wealth_sink
gen_wilderness_terrain,Random Wilderness Terrain,gen,4,4,1,3,
spell_wall_of_iron,Wall of Iron,spell,4,4,2,2,
spell_wall_of_stone,Wall of Stone,spell,4,4,1,3,
tbl_monster_listing,Alphabetical Monster Listing,tbl,4,4,0,4,advancement_currency
spell_rainbow,Rainbow,spell,4,0,0,4,
item_oil_timelessness,Oil of Timelessness,item,4,0,1,3,
item_wand_metal_command,Wand of Metal Command,item,4,0,1,3,
item_wand_size_alteration,Wand of Size Alteration,item,4,0,0,4,
spell_air_walk,Air Walk,spell,4,0,1,3,
spell_reflecting_pool,Reflecting Pool,spell,4,0,3,1,
spell_whip,Whip,spell,4,0,0,4,
item_zagygs_flagon,Zagyg's Flowing Flagon,item,4,0,3,1,
spell_penetrate_disguise,Penetrate Disguise,spell,4,0,0,4,
spell_negative_plane_protection,Negative Plane Protection,spell,4,0,2,2,
spell_sepia_snake_sigil,Sepia Snake Sigil,spell,4,0,1,3,
spell_dismissal,Dismissal,spell,4,0,2,2,
spell_dolor,Dolor,spell,4,0,2,2,
spell_banishment,Banishment,spell,4,0,2,2,
item_rod_security,Rod of Security,item,4,0,1,3,
monster_succubus,Succubus,monster,4,4,0,4,
rule_prime_requisite,Prime Requisite Experience Bonus,rule,4,4,4,0,
tbl_race_maximums,Racial Ability Maximums,tbl,3,2,0,3,
potion_longevity,Potion of Longevity,potion,3,3,0,3,override_source
item_herb_belladonna,Belladonna,item,3,3,1,2,
rule_spell_level_access,High-Level Spell Access,rule,3,3,3,0,gated_privilege
rule_racial_adjustment,Racial Ability Adjustment,rule,3,3,1,2,
rule_freehold,Freehold,rule,3,3,1,2,
rule_thieves_cant,Thieves' Cant,rule,3,3,2,1,
rule_scroll_mishap,Scroll Mishap,rule,3,3,2,1,
psi_series,Series Linking,psi,3,0,0,3,
rule_psionic_use,Use of Psionic Powers,rule,3,3,1,2,
psi_recovery,Psionic Strength Recovery,psi,3,0,1,2,
spell_neutralize_poison,Neutralize Poison,spell,3,2,0,3,
spell_know_alignment,Know Alignment,spell,3,1,1,2,
spell_detect_evil,Detect Evil,spell,3,3,0,3,
cbt_fall_back,Falling Back,cbt,3,3,2,1,
campaign_setting,Campaign Background,campaign,3,2,0,3,
tbl_followers_cleric,Clerics Followers Table,tbl,3,3,0,3,
rule_precautions,Target Precautions,rule,3,3,0,3,
hench_desertion,Desertion,hench,3,3,2,1,
rule_water_type,Fresh or Salt Water,rule,3,3,0,3,
rule_surrender,Surrender,rule,3,3,3,0,
rule_sage_long_term,Long-Term Sage Employment,rule,3,3,2,1,wealth_sink
rule_sage_rest,Sage Rest and Recuperation,rule,3,3,1,2,time_sink
hench_cartographer,Cartographer,hench,3,3,0,3,wealth_sink
rule_disease_occurrence,Occurrence,rule,3,3,1,2,
rule_body_part_loss,Loss of Body Part or Function,rule,3,2,3,0,
rule_item_appraisal,Appraisal,rule,3,2,3,0,
rule_starting_level,Starting Level of Experience,rule,3,3,2,1,
rule_char_age,Character Age,rule,3,3,2,1,
tbl_char_age_human,Human Character Age Table,tbl,3,2,2,1,
monster_lich,Lichdom,monster,3,3,1,2,
rule_grandfather_assassins,Grandfather of Assassins,rule,3,3,1,2,
rule_displacement,Displacing the Leader,rule,3,3,0,3,
rule_follower_leader,Follower Leader,rule,3,3,1,2,
rule_counterspy,Counterspies,rule,3,3,1,2,
rule_fanatical_spy,Fanatical Spy,rule,3,3,0,3,
rule_trap_injury,Injury on Failure,rule,3,3,2,1,
rule_structure_collapse,Structural Collapse,rule,3,3,2,1,
hench_exceptional,Exceptional Henchmen,hench,3,3,1,2,
rule_reputation,Reputation,rule,3,3,0,3,
spell_read_magic,Read Magic,spell,3,2,2,1,
spell_lightning_bolt,Lightning Bolt,spell,3,2,1,2,
spell_charm_monster,Charm Monster,spell,3,3,2,1,
tbl_mercenary_types,Mercenary Troop Type,tbl,3,3,1,2,
cbt_aerial_maneuver,Maneuverability Class,cbt,3,3,2,1,
rule_ship_propulsion,Sails or Oars,rule,3,3,1,2,
rule_party_losses,Party Casualties,rule,3,3,1,2,
rule_party_size,Pursued Party Size,rule,3,2,0,3,
spell_curse,Curse,spell,3,3,2,1,
rule_consecrated_area,Evil Area,rule,3,3,1,2,
psi_disciplines,Psionic Discipline,psi,3,0,2,1,
rule_occupation,Occupation Type,rule,3,3,1,2,
rule_map_or_magic,Map or Magic Determination,rule,3,3,1,2,
potion_philter_love,Philter of Love,potion,3,3,1,2,
spell_suggestion,Suggestion,spell,3,2,3,0,
potion_plant_control,Plant Control,potion,3,3,1,2,
potion_extra_healing,Extra-Healing,potion,3,3,1,2,
potion_gaseous_form,Gaseous Form,potion,3,3,0,3,
item_staff_magi,Staff of the Magi,item,3,3,0,3,
spell_polymorph_self,Polymorph Self,spell,3,2,0,3,
item_brazier_fire,Brazier Commanding Fire Elementals,item,3,3,2,1,
item_brooch_shielding,Brooch of Shielding,item,3,3,1,2,
item_eyes_charming,Eyes of Charming,item,3,3,0,3,
item_eyes_petrification,Eyes of Petrification,item,3,3,0,3,
item_helm_opposite_alignment,Helm of Opposite Alignment,item,3,3,0,3,
item_keoghtoms_ointment,Keoghtom's Ointment,item,3,3,0,3,
item_phylactery_long_years,Phylactery of Long Years,item,3,3,0,3,
item_spade_excavation,Spade of Colossal Excavation,item,3,3,1,2,
item_talisman_pure_good,Talisman of Pure Good,item,3,3,1,2,
item_crown_might,Crown of Might,item,3,2,0,3,
item_wand_orcus,Wand of Orcus,item,3,3,1,2,
spell_call_woodland_being,Call Woodland Being,spell,3,3,1,2,
rule_gambling,Gambling,rule,3,0,2,1,
spell_precipitation,Precipitation,spell,3,0,1,2,
spell_deaths_door,Death's Door,spell,3,0,1,2,
spell_giant_insect,Giant Insect,spell,3,0,1,2,
item_elixir_madness,Elixir of Madness,item,3,0,1,2,
item_boots_varied_tracks,Boots of Varied Tracks,item,3,0,1,2,
item_haversack,Heward's Handy Haversack,item,3,0,0,3,
item_pouch_accessibility,Pouch of Accessibility,item,3,0,1,2,
item_prison_zagyg,Prison of Zagyg,item,3,0,1,2,
item_magic_dart,Magic Dart,item,3,0,0,3,
spell_sertens_spell_immunity,Serten's Spell Immunity,spell,3,0,1,2,
spell_melfs_acid_arrow,Acid Duration,spell,3,0,2,1,
spell_avoidance,Avoidance,spell,3,0,1,2,
item_philter_beauty,Philter of Beauty,item,3,0,0,3,
spell_truename,Truename,spell,3,0,2,1,
spell_mirage_arcane,Mirage Arcane,spell,3,0,2,1,
spell_torment,Torment,spell,3,0,1,2,
spell_weird,Weird,spell,3,0,0,3,
item_elixir_youth,Elixir of Youth,item,3,0,1,2,
item_gem_insight,Gem of Insight,item,3,0,1,2,
monster_demogorgon_prince_of_demons,Demogorgon (Prince Of Demons),monster,3,3,0,3,
monster_juiblex_the_faceless_lord,Juiblex (The Faceless Lord),monster,3,3,0,3,
monster_orcus_prince_of_the_undead,Orcus (Prince Of The Undead),monster,3,3,0,3,
monster_type_v_marilith_etc,"Type V (Marilith, Etc.)",monster,3,3,0,3,
monster_type_vi_balor_etc,"Type Vi (Balor, Etc.)",monster,3,3,0,3,
monster_yeenoghu_demon_lord_of_gnolls,Yeenoghu (Demon Lord Of Gnolls),monster,3,3,0,3,
monster_baalzebul_arch_devil,Baalzebul (Arch-Devil),monster,3,3,0,3,
monster_dispater_arch_devil,Dispater (Arch-Devil),monster,3,3,0,3,
monster_geryon_arch_devil,Geryon (Arch-Devil),monster,3,3,0,3,
monster_horned_malebranche_greater_devil,Horned (Malebranche) (Greater Devil),monster,3,3,0,3,
monster_ice_greater_devil,Ice (Greater Devil),monster,3,3,0,3,
monster_spectre,Spectre,monster,3,3,0,3,
monster_vampire,Vampire,monster,3,3,0,3,
monster_wight,Wight,monster,3,3,0,3,
monster_wraith,Wraith,monster,3,3,0,3,
rule_alignment_change,Changing Alignment,rule,3,3,0,3,
rule_resurrection_survival,Resurrection Survival,rule,2,2,2,0,
rule_petrification,Petrification,rule,2,2,1,1,
spell_restoration,Restoration,spell,2,2,0,2,consumer|wealth_sink
rule_climate,Climate and Weather,rule,2,2,0,2,
save_magical_attack,Saving Throw vs Magical Attack,save,2,2,2,0,
rule_cleric_bonus_spells,Cleric Bonus Spells,rule,2,2,2,0,
tbl_race_minimums,Ability Score Minimums,tbl,2,2,1,1,
rule_holy_symbol,Holy Symbol,rule,2,2,0,2,
rule_spell_reversal,Reversed Spells,rule,2,2,2,0,
rule_penance,Penance,rule,2,2,1,1,
rule_traps,Traps,rule,2,2,2,0,
spell_leomunds_trap,Leomund's Trap,spell,2,2,0,2,
rule_assassination,Assassination,rule,2,2,1,1,advancement_currency
class_monk_loss,Loss of Monk Status,class,2,2,1,1,
rule_gaze_attack,Gaze Attack,rule,2,2,0,2,
psi_multiple_operations,Multiple Psionic Operations,psi,2,0,0,2,
psi_range,Psionic Range,psi,2,0,2,0,
rule_atonement,Atonement,rule,2,2,1,1,
rule_prayer,Prayer and Meditation,rule,2,2,0,2,time_sink
rule_movement_scale,Movement Scale,rule,2,2,0,2,
rule_adventuring_involvement,Adventuring Involvement,rule,2,2,0,2,
rule_heat,Heat,rule,2,2,0,2,
rule_awareness,Awareness,rule,2,2,0,2,
spell_death_spell,Death Spell,spell,2,2,1,1,
spell_cloudkill,Cloudkill,spell,2,2,1,1,
spell_darkness,Darkness,spell,2,2,0,2,
rule_spell_duration,Spell Duration,rule,2,2,2,0,
rule_hit_location,Hit Location,rule,2,1,1,1,
ex_dungeon,Dungeon Setting,ex,2,2,2,0,
rule_service,Service,rule,2,0,1,1,
rule_informational_spells,Informational Spells,rule,2,2,1,1,
spell_shape_change,Shape Change,spell,2,1,0,2,
tbl_followers_fighter,Fighters Followers Table,tbl,2,2,0,2,
rule_holing_up,Holing Up,rule,2,2,0,2,
rule_confrontation,Confrontation,rule,2,2,1,1,
rule_depth,Water Depth,rule,2,2,1,1,
spell_light,Light,spell,2,1,1,1,
rule_attack_form,Attack Form,rule,2,2,0,2,
rule_bravery,Bravery,rule,2,2,1,1,
tbl_construction_defense,Construction Defensive Values,tbl,2,2,2,0,
gen_dungeon_dressing,Dungeon Dressing,gen,2,2,0,2,
rule_field_tier,Field Tier,rule,2,2,1,1,resolution_machinery
hench_slinger,Slinger,hench,2,2,0,2,
rule_sage_efficiency,Sage Efficiency,rule,2,2,1,1,
rule_unknown_information,Unknown Information,rule,2,2,0,2,time_sink
rule_sage_harassment,Harassing the Sage,rule,2,2,0,2,
rule_random_determination,Random Determination,rule,2,2,2,0,
rule_miniatures,Miniature Figures,rule,2,2,1,1,
rule_disorientation,Disorientation,rule,2,2,1,1,
rule_argument,Argument With Party Members,rule,2,2,1,1,
monster_wererat,Wererat,monster,2,2,0,2,
monster_wereboar,Wereboar,monster,2,2,0,2,
rule_imprisonment,Imprisonment,rule,2,1,2,0,
rule_turncoat,Turning Coat,rule,2,2,2,0,
rule_spy_backtrace,Backtracing the Spy,rule,2,2,2,0,
rule_monster_pc,Monster as a Player Character,rule,2,2,0,2,
rule_player_diagram,Player Trap Diagram,rule,2,2,0,2,
rule_weight_distribution,Weight Distribution,rule,2,2,2,0,
rule_magical_attack,Magical Attack,rule,2,1,0,2,
rule_building_site,Building Site,rule,2,2,1,1,
spell_write,Write,spell,2,2,0,2,
spell_rope_trick,Rope Trick,spell,2,2,0,2,
spell_phantasmal_force,Phantasmal Force,spell,2,2,1,1,
spell_feign_death,Feign Death,spell,2,2,0,2,
spell_tensers_floating_disc,Tenser's Floating Disc,spell,2,2,0,2,logistical_burden
rule_enlistment_length,Length of Enlistment,rule,2,2,0,2,
monster_poison,Monster Poison,monster,2,2,0,2,
rule_ship_dimensions,Length and Width,rule,2,2,1,1,
rule_capsizing,Capsizing,rule,2,2,1,1,
rule_man_overboard,Man Overboard,rule,2,2,1,1,
spell_fireball,Fire Spells,spell,2,1,2,0,
rule_ether_cyclone,Ether Cyclone,rule,2,2,1,1,
cbt_flank_attack,Flank Attack,cbt,2,2,0,2,
rule_desecration,Desecration,rule,2,2,1,1,
cbt_close_range,Closing to Striking Range,cbt,2,2,1,1,
item_helm_telepathy,Helm of Telepathy,item,2,2,0,2,
spell_confusion,Confused,spell,2,1,1,1,
rule_piety,Regular Attendance,rule,2,2,0,2,
spell_legend_lore,Informational Spells,spell,2,1,0,2,
potion_persuasiveness,Philter of Persuasiveness,potion,2,2,0,2,
monster_plant,Vegetable Life,monster,2,2,2,0,
item_rod_staff_wand,Rods Staves and Wands,item,2,2,1,1,
spell_magic_missile,Magic Missile,spell,2,2,2,0,
item_amulet_planes,Amulet of the Planes,item,2,2,0,2,
item_bag_tricks,Bag of Tricks,item,2,2,0,2,
item_broom_animated_attack,Broom of Animated Attack,item,2,2,1,1,
item_cloak_displacement,Cloak of Displacement,item,2,2,1,1,
spell_wall_of_force,Wall of Force,spell,2,1,2,0,
item_eyes_eagle,Eyes of the Eagle,item,2,2,0,2,
item_eyes_minute_seeing,Eyes of Minute Seeing,item,2,2,0,2,
item_gauntlets_ogre_power,Gauntlets of Ogre Power,item,2,2,0,2,
item_jewel_flawlessness,Jewel of Flawlessness,item,2,2,1,1,
item_mattock_titans,Mattock of the Titans,item,2,2,1,1,
item_pipes_sewers,Pipes of the Sewers,item,2,2,1,1,
item_hand_vecna,Hand of Vecna,item,2,2,0,2,
spell_locate_object,Locate Object,spell,2,2,0,2,
spell_chant,Chant,spell,2,2,1,1,
spell_anti_magic_shell,Anti-Magic Shell,spell,2,1,1,1,
rule_radiation,Radiation Resistance,rule,2,0,2,0,
tbl_conjured_animals,Conjured Animals Table,tbl,2,2,1,1,resolution_machinery
tbl_summoned_monsters,Summoned Monsters Table,tbl,2,2,2,0,resolution_machinery
rule_battleflag,Battle Flag,rule,2,0,0,2,
rule_barding,Barding,rule,2,0,0,2,logistical_burden
item_horn_fog,Horn of Fog,item,2,0,1,1,
item_axe_hurling,Axe of Hurling,item,2,0,1,1,
rule_assistant_casters,Assisting Magic-Users,rule,2,0,0,2,
item_oil_sharpness,Oil of Sharpness,item,2,0,0,2,
item_girdle_femininity,Girdle of Femininity/Masculinity,item,2,0,0,2,
spell_combine,Combine,spell,2,0,0,2,
spell_abjure,Abjure,spell,2,0,1,1,
spell_cloak_of_fear,Cloak of Fear,spell,2,0,1,1,
spell_spike_growth,Spike Growth,spell,2,0,0,2,
spell_detect_poison,Detect Poison,spell,2,0,0,2,
spell_forcecage,Forcecage,spell,2,0,1,1,
spell_teleport_without_error,Teleport Without Error,spell,2,0,0,2,
spell_otilukes_sphere,Otiluke's Telekinetic Sphere,spell,2,0,0,2,
spell_phantom_armor,Phantom Armor,spell,2,0,1,1,
spell_spook,Spook,spell,2,0,1,1,
spell_delude,Delude,spell,2,0,1,1,
spell_shadow_walk,Shadow Walk,spell,2,0,0,2,
item_oil_fiery_burning,Oil of Fiery Burning,item,2,0,1,1,
item_ring_animal_friendship,Ring of Animal Friendship,item,2,0,1,1,
item_ring_chameleon,Ring of Chameleon Power,item,2,0,0,2,
item_staff_swarming_insects,Staff of Swarming Insects,item,2,0,0,2,
item_boots_north,Boots of the North,item,2,0,0,2,
item_cloak_arachnidia,Cloak of Arachnidia,item,2,0,0,2,
item_hat_stupidity,Hat of Stupidity,item,2,0,0,2,
item_horn_goodness_evil,Horn of Goodness/Evil,item,2,0,0,2,
item_robe_stars,Robe of Stars,item,2,0,0,2,
item_robe_vermin,Robe of Vermin,item,2,0,0,2,
item_courser,Courser,item,2,0,0,2,
monster_beetle_giant,"Beetle, Giant",monster,2,2,0,2,
monster_couatl,Couatl,monster,2,2,0,2,
monster_type_ii_hezrou,Type Ii (Hezrou),monster,2,2,0,2,
monster_type_iii_glabrezu,Type Iii (Glabrezu),monster,2,2,0,2,
monster_eel,Eel,monster,2,2,0,2,
monster_gelatinous_cube,Gelatinous Cube,monster,2,2,0,2,
monster_gray_ooze,Gray Ooze,monster,2,2,0,2,
monster_groaning_spirit_banshee,Groaning Spirit (Banshee),monster,2,2,0,2,
monster_intellect_devourer,Intellect Devourer,monster,2,2,0,2,
monster_mind_flayer,Mind Flayer,monster,2,2,0,2,
monster_mold,Mold,monster,2,2,0,2,
monster_pseudo_dragon,Pseudo-Dragon,monster,2,2,0,2,
monster_roper,Roper,monster,2,2,0,2,
monster_shadow,Shadow,monster,2,2,0,2,
monster_snake_giant,"Snake, Giant",monster,2,2,0,2,
monster_titan,Titan,monster,2,2,0,2,
monster_triton,Triton,monster,2,2,0,2,
abil_strength_exceptional,Exceptional Strength,abil,2,2,1,1,
spell_charm_spells,Charm Spells,spell,2,2,2,0,
spell_polymorph_any_object,Polymorph Any Object,spell,1,1,0,1,
spell_flesh_to_stone,Flesh to Stone,spell,1,1,0,1,
rule_ability_maximum,Ability Maximum,rule,1,1,1,0,
spell_limited_wish,Limited Wish,spell,1,1,0,1,
rule_scroll_use,Reading Spell from Scroll,rule,1,1,0,1,
rule_scroll_scribing,Scribing a Scroll,rule,1,1,0,1,
rule_time_campaign,Time in the Campaign,rule,1,1,1,0,
rule_crowding_filth,Crowding and Filth,rule,1,1,0,1,
rule_years_afflicted,Years as Lycanthrope,rule,1,1,0,1,
spell_petrification,spell_petrification,spell,1,1,0,1,
enc_weight_allowance,Weight Allowance,enc,1,1,1,0,
rule_spells_per_level,Spells Knowable Per Level,rule,1,1,1,0,
rule_spell_slot,Memorized Spell,rule,1,1,1,0,
hench_max_number,Maximum Henchmen,hench,1,1,1,0,
rule_npc_only_classes,NPC-Only Class Access,rule,1,1,1,0,
rule_place_of_worship,Place of Worship,rule,1,1,0,1,
tbl_fighters_i,Fighters Table I,tbl,1,1,0,1,
rule_chaotic_act,Chaotic Act,rule,1,1,0,1,
rule_evil_act,Evil Act,rule,1,1,0,1,
rule_detect_evil,Detect Evil,rule,1,1,1,0,
tbl_rangers_i,Rangers Table I,tbl,1,1,0,1,
monster_low_hit_dice,Creatures Under One Hit Die,monster,1,1,1,0,
rule_research,Study and Research,rule,1,1,1,0,
rule_magical_closure,Magical Closure,rule,1,1,1,0,
rule_surface,Surface,rule,1,1,1,0,
rule_thieves_guild,Thieves Guild,rule,1,1,1,0,
rule_poison_ingested,Ingested Poison,rule,1,1,1,0,
rule_poison_insinuated,Insinuated Poison,rule,1,1,1,0,
cbt_melee_round,Melee Round,cbt,1,1,0,1,
rule_druidic_language,Druidic,rule,1,1,1,0,
rule_flaming_oil,Flaming Oil,rule,1,1,1,0,
rule_missile_dodge,Dodging Missiles,rule,1,1,1,0,
psi_attack_blast,Psionic Blast,psi,1,0,0,1,
monster_nonpsionic,Non-Psionic Creatures,monster,1,0,1,0,
monster_psionic,Psionic Monsters,monster,1,1,1,0,
rule_physical_activity,Physical Activity,rule,1,0,0,1,
wpn_weight,Weapon Weight,wpn,1,1,0,1,logistical_burden
wpn_space_required,Space Required,wpn,1,1,0,1,
rule_deity_servants,Lesser Servants of the Deity,rule,1,1,0,1,
rule_monster_term,Monster,rule,1,1,0,1,
rule_availability,Availability,rule,1,1,0,1,
campaign_circumstances,Campaign Circumstances,campaign,1,1,0,1,
rule_direction,Degree of Direction,rule,1,1,0,1,
rule_volume,Volume and Bulk,rule,1,1,0,1,logistical_burden
rule_accessibility,Item Accessibility,rule,1,1,0,1,
rule_trail_marking,Trail Marking,rule,1,1,0,1,
item_boots_elvenkind,Boots of Elvenkind,item,1,1,0,1,
monster_surprise,Monster Surprise Rating,monster,1,1,0,1,
spell_statue,Statue,spell,1,1,0,1,
spell_find_familiar,Find Familiar,spell,1,1,0,1,
spell_infravision,Infravision,spell,1,1,0,1,
spell_invisibility,Invisibility,spell,1,1,0,1,
spell_emotion,Emotion,spell,1,1,0,1,
spell_insect_plague,Insect Plague,spell,1,1,0,1,
spell_glyph_of_warding,Glyph of Warding,spell,1,1,0,1,
spell_spider_climb,Spider Climb,spell,1,1,0,1,
spell_strength,Strength,spell,1,1,0,1,
spell_plant_growth,Plant Growth,spell,1,1,0,1,
rule_party_strength,Perceived Party Strength,rule,1,1,0,1,
rule_breath_weapon,Breath Weapon,rule,1,1,0,1,
rule_position,Position,rule,1,1,0,1,
monster_special_abilities,Special Abilities,monster,1,1,0,1,advancement_currency
monster_exceptional_abilities,Exceptional Abilities,monster,1,1,0,1,advancement_currency
sword_communication,Sword Communication,sword,1,1,1,0,
sword_extraordinary_power,Extraordinary Power,sword,1,1,1,0,
rule_mental_attack,Mental Attack,rule,1,1,0,1,
spell_change_self,Change Self,spell,1,0,0,1,
abil_cha_loyalty_base,Loyalty Base,abil,1,1,1,0,
abil_cha_reaction_adj,Reaction Adjustment,abil,1,1,1,0,
rule_generation_method_i,Method I,rule,1,1,0,1,
rule_generation_method_ii,Method II,rule,1,1,0,1,
rule_generation_method_iii,Method III,rule,1,1,0,1,
rule_generation_method_iv,Method IV,rule,1,1,0,1,
rule_comprehension,Comprehension,rule,1,1,1,0,
rule_recognition,Recognition of Like Alignment,rule,1,1,1,0,
rule_familiar,Evil Familiar,rule,1,1,1,0,
rule_party_actions,Party Actions,rule,1,1,0,1,
hench_menial_hirelings,Menial Hirelings,hench,1,1,1,0,
spell_water_breathing,Water Breathing,spell,1,1,0,1,
rule_free_action,Free Action,rule,1,1,0,1,
rule_setting,Underground or Outdoors,rule,1,1,0,1,
rule_extreme_cold,Extreme Cold,rule,1,1,0,1,
rule_materialism,Materialism,rule,1,1,0,1,
rule_looting,Looting,rule,1,1,1,0,
tbl_humanoid_preferences,Humanoid Racial Preferences Table,tbl,1,1,0,1,
item_book,Books Librams and Tomes,item,1,1,1,0,
tbl_major_benign,Major Benign Powers,tbl,1,0,1,0,
monster_frequency,Monster Frequency,monster,1,1,0,1,
rule_sage_workload,Sage Workload,rule,1,1,0,1,
rule_dweomercraeft,Dweomercraeft,rule,1,1,1,0,
rule_medicine,Medicine,rule,1,1,1,0,
rule_sage_cooldown,Sage Unavailability,rule,1,1,1,0,
rule_sage_study_period,Sage Study Period,rule,1,1,0,1,
rule_related_questions,Related Questions,rule,1,1,0,1,
rule_cryptography,Codes and Ciphers,rule,1,1,1,0,
rule_foraging,Finding Food,rule,1,0,1,0,
rule_repair,Small Repairs,rule,1,0,1,0,
rule_crude_construction,Crude Construction,rule,1,0,1,0,
rule_family_line,Family Line,rule,1,1,0,1,
rule_physical_power,Physical Power Endurance and Stamina,rule,1,1,1,0,
rule_willpower,Willpower and Judgment,rule,1,1,1,0,
rule_health,Physique Health and Fitness,rule,1,1,1,0,
rule_persuasiveness,Persuasiveness and Magnetism,rule,1,1,1,0,
monster_animal,Animals,monster,1,1,1,0,
rule_holy_place,Monastery or Abbey,rule,1,1,0,1,
spell_animal_summoning,Animal Summoning,spell,1,1,0,1,
monster_werebear,Werebear,monster,1,1,0,1,
monster_weretiger,Weretiger,monster,1,1,0,1,
monster_werewolf,Werewolf,monster,1,1,0,1,
rule_control,Control by Another Entity,rule,1,1,0,1,
rule_spy_leadership,Spy Becomes a Leader,rule,1,1,0,1,
rule_false_information,False Information,rule,1,1,1,0,
rule_poison_study,Studied Poisoning,rule,1,1,0,1,
rule_mobility,Mobility,rule,1,1,1,0,
rule_siege,Siege Operations,rule,1,1,1,0,
rule_coercion,Forced Offer,rule,1,1,0,1,
spell_obscurement,Obscurement,spell,1,1,1,0,
spell_web,Web,spell,1,1,0,1,
rule_air_supply,Air Consumption,rule,1,1,1,0,
spell_unseen_servant,Unseen Servant,spell,1,1,0,1,
rule_lock_complexity,Lock Complexity,rule,1,1,0,1,
rule_magical_trap,Magical Traps,rule,1,1,1,0,
rule_wall_surface,Wall Surface,rule,1,1,0,1,
rule_surface_condition,Surface Condition,rule,1,1,0,1,
rule_enlistment_type,Type of Association,rule,1,1,0,1,
rule_training_status,Training or Status Level,rule,1,1,0,1,
rule_discipline,Discipline and Activity,rule,1,1,0,1,
rule_quarters_support,Quarters and Support,rule,1,1,0,1,
rule_caster_occupied,Caster Occupied,rule,1,1,0,1,
rule_current,Ocean Currents,rule,1,1,0,1,
death_drowning,Drowning,death,1,1,1,0,
rule_map_scale,Map Scale,rule,1,1,0,1,
rule_encumbered_opponent,Encumbered or Off Balance,rule,1,1,0,1,
rule_superior_force,Obviously Superior Force,rule,1,1,0,1,
rule_outnumbered,Outnumbered and Outclassed,rule,1,1,0,1,
spell_wall_of_fire,Wall of Fire,spell,1,1,0,1,
spell_dancing_lights,Dancing Lights,spell,1,1,0,1,
rule_natural_sleep,Naturally Sleeping Opponent,rule,1,1,0,1,
rule_braced,Braced Opponent,rule,1,1,0,1,
spell_mind_blank,Mind Blank,spell,1,1,0,1,
item_mind_bar,Mind Bar,item,1,1,0,1,
item_esp_device,ESP Device,item,1,1,0,1,
spell_feeblemind,Feeblemind,spell,1,1,0,1,
rule_luck,Luck and Sixth Sense,rule,1,1,1,0,
spell_heal,Heal,spell,1,1,0,1,wealth_sink
rule_travel_risk,Travel and Risk,rule,1,1,0,1,
rule_multiple_characters,Multiple Characters per Player,rule,1,1,0,1,
item_delusion_potion,Delusion Potion,item,1,1,1,0,
rule_false_map,False Map,rule,1,1,1,0,
potion_esp,Potion of ESP,potion,1,1,0,1,
potion_flying,Potion of Flying,potion,1,1,0,1,
item_staff,Staff Powers,item,1,1,1,0,
rule_retributive_strike,Retributive Strike,rule,1,1,1,0,
rule_wand_backfire,Wand Backfire,rule,1,1,1,0,
item_bag_devouring,Bag of Devouring,item,1,1,0,1,
rule_mixing_lenses,Mixing Eye Types,rule,1,1,0,1,
spell_commune,Commune,spell,1,1,0,1,
spell_exorcism,Exorcism,spell,1,1,0,1,
item_kuroths_quill,Kuroth's Quill,item,1,1,0,1,
rule_one_way_door,One-Way Egress,rule,1,1,1,0,
spell_speak_with_dead,Speak With Dead,spell,1,1,0,1,
rule_mutation,Mental Mutations,rule,1,0,0,1,
rule_magical_substances,Describing Magical Substances,rule,1,1,0,1,
rule_sponsorship,Sponsorship,rule,1,0,0,1,
rule_dishonor,Dishonor,rule,1,0,1,0,
rule_hospitality,Hospitality,rule,1,0,1,0,
spell_exaction,Exaction,spell,1,0,0,1,
spell_energy_drain,Energy Drain,spell,1,0,0,1,
spell_mordenkainens_disjunction,Mordenkainen's Disjunction,spell,1,0,0,1,
spell_trap_the_soul,Trap the Soul,spell,1,0,0,1,
spell_cure_light_wounds,Curative Spells,spell,1,0,0,1,
spell_ensnarement,Ensnarement,spell,1,0,0,1,
spell_imprisonment,Maze or Cage Spell,spell,1,0,0,1,
item_staff_spear,Staff-Spear,item,1,0,0,1,
item_slippers_kicking,Slippers of Kicking,item,1,0,0,1,
item_buckle_knife,Buckle Knife,item,1,0,0,1,
item_magic_quarterstaff,Magic Quarterstaff,item,1,0,0,1,
item_scimitar_speed,Scimitar of Speed,item,1,0,0,1,
spell_phantom_steed,Phantom Steed,spell,1,0,1,0,
rule_antipathy,Antipathy,rule,1,0,1,0,
spell_cure_blindness,Cure Blindness,spell,1,0,0,1,
rule_request_danger,Hazardous Requests,rule,1,0,0,1,
rule_trap_type,Mechanical or Magical,rule,1,0,0,1,
item_ring_jumping,Ring of Jumping,item,1,0,0,1,
item_periapt_health,Periapt of Health,item,1,0,0,1,
item_periapt_poison,Periapt of Proof Against Poison,item,1,0,0,1,
item_periapt_wound,Periapt of Wound Closure,item,1,0,0,1,
item_phylactery_faithfulness,Phylactery of Faithfulness,item,1,0,1,0,
spell_friends,Friends Spell,spell,1,0,1,0,
spell_invisibility_undead,Invisibility to Undead,spell,1,0,0,1,
spell_detect_life,Detect Life,spell,1,0,0,1,
spell_meld_into_stone,Meld Into Stone,spell,1,0,0,1,
spell_spike_stones,Spike Stones,spell,1,0,0,1,
spell_detect_balance,Detect Balance,spell,1,0,0,1,
spell_slow_poison,Slow Poison,spell,1,0,0,1,
spell_starshine,Starshine,spell,1,0,0,1,
spell_liveoak,Liveoak,spell,1,0,0,1,
spell_transmute_water_dust,Transmute Water To Dust,spell,1,0,0,1,
spell_flame_blade,Flame Blade,spell,1,0,0,1,
spell_alarm,Alarm,spell,1,0,0,1,
spell_grease,Grease,spell,1,0,0,1,
spell_magic_stone,Magic Stone,spell,1,0,0,1,
spell_dust_devil,Dust Devil,spell,1,0,0,1,
spell_wind_wall,Wind Wall,spell,1,0,0,1,
spell_magic_mirror,Magic Mirror,spell,1,0,0,1,
spell_sending,Sending,spell,1,0,0,1,
spell_sequester,Sequester,spell,1,0,0,1,
rule_teleport_error,Teleport Mishap,rule,1,0,1,0,
spell_phantom_wind,Phantom Wind,spell,1,0,0,1,
spell_phantasmagoria,Phantasmagoria,spell,1,0,0,1,
item_oil_impact,Oil of Impact,item,1,0,0,1,
item_oil_acid_resistance,Oil of Acid Resistance,item,1,0,0,1,
item_oil_elemental_invuln,Oil of Elemental Invulnerability,item,1,0,0,1,
item_potion_fire_breath,Potion of Fire Breath,item,1,0,0,1,
rule_stress,Combat or Stealth,rule,1,0,0,1,
item_rod_flailing,Rod of Flailing,item,1,0,0,1,
item_rod_passage,Rod of Passage,item,1,0,0,1,
item_staff_woodlands,Staff of the Woodlands,item,1,0,0,1,
item_wand_force,Wand of Force,item,1,0,0,1,
item_wand_defoliation,Wand of Defoliation,item,1,0,0,1,
item_wand_earth_stone,Wand of Earth and Stone,item,1,0,0,1,
item_wand_flame_extinguishing,Wand of Flame Extinguishing,item,1,0,0,1,
item_wand_steam_vapor,Wand of Steam and Vapor,item,1,0,0,1,
item_bracers_brachiation,Bracers of Brachiation,item,1,0,0,1,
item_cyclocone,Cyclocone,item,1,0,0,1,
item_egg_shattering,Egg of Shattering,item,1,0,0,1,
item_gloves_thievery,Gloves of Thievery,item,1,0,0,1,
item_mantle_celestian,Mantle of Celestian,item,1,0,0,1,
item_pearl_sirines,Pearl of the Sirines,item,1,0,0,1,
item_shadow_lanthorn,Shadow Lanthorn,item,1,0,0,1,
item_spoon_stirring,Spoon of Stirring,item,1,0,0,1,
monster_aerial_servant,Aerial Servant,monster,1,1,0,1,
monster_ant_giant,"Ant, Giant",monster,1,1,0,1,
monster_beholder,Beholder,monster,1,1,0,1,
monster_boar,Boar,monster,1,1,0,1,
monster_chimera,Chimera,monster,1,1,0,1,
monster_crocodile,Crocodile,monster,1,1,0,1,
monster_manes_sub_demon,Manes (Sub-Demon),monster,1,1,0,1,
monster_type_i_vrock,Type I (Vrock),monster,1,1,0,1,
monster_barbed_lesser_devil,Barbed (Lesser Devil),monster,1,1,0,1,
monster_bone_lesser_devil,Bone (Lesser Devil),monster,1,1,0,1,
monster_erinyes_lesser_devil,Erinyes (Lesser Devil),monster,1,1,0,1,
monster_dinichthys,Dinichthys,monster,1,1,0,1,
rule_swallow,Swallow Whole,rule,1,1,1,0,
monster_displacer_beast,Displacer Beast,monster,1,1,0,1,
monster_dog,Dog,monster,1,1,0,1,
monster_doppleganger,Doppleganger,monster,1,1,0,1,
monster_black_dragon_draco_causticus_sputem,Black Dragon (Draco Causticus Sputem),monster,1,1,0,1,
monster_brass_dragon_draco_impudentus_gallus,Brass Dragon (Draco Impudentus Gallus),monster,1,1,0,1,
monster_copper_dragon_draco_comes_stabuli,Copper Dragon (Draco Comes Stabuli),monster,1,1,0,1,
monster_green_dragon_draco_chlorinous_nauseous_respi,Green Dragon (Draco Chlorinous Nauseous Respiratorus),monster,1,1,0,1,
monster_platinum_dragon_bahamut,Platinum Dragon (Bahamut),monster,1,1,0,1,
monster_red_dragon_draco_conflagratio_horriblis,Red Dragon (Draco Conflagratio Horriblis),monster,1,1,0,1,
monster_white_dragon_draco_rigidus_frigidus,White Dragon (Draco Rigidus Frigidus),monster,1,1,0,1,
monster_dryad,Dryad,monster,1,1,0,1,
monster_dwarf,Dwarf,monster,1,1,0,1,
monster_air_elemental,Air Elemental,monster,1,1,0,1,
monster_water_elemental,Water Elemental,monster,1,1,0,1,
monster_elephant,Elephant,monster,1,1,0,1,
monster_elf,Elf,monster,1,1,0,1,
monster_frog_giant,"Frog, Giant",monster,1,1,0,1,
monster_gargoyle,Gargoyle,monster,1,1,0,1,
monster_ghost,Ghost,monster,1,1,0,1,
monster_ghoul,Ghoul,monster,1,1,0,1,
monster_clay_golem,Clay Golem,monster,1,1,0,1,
monster_flesh_golem,Flesh Golem,monster,1,1,0,1,
monster_iron_golem,Iron Golem,monster,1,1,0,1,
monster_stone_golem,Stone Golem,monster,1,1,0,1,
monster_gorgon,Gorgon,monster,1,1,0,1,
monster_green_slime,Green Slime,monster,1,1,0,1,
monster_hell_hound,Hell Hound,monster,1,1,0,1,
monster_homonculous,Homonculous,monster,1,1,0,1,
monster_horse,Horse,monster,1,1,0,1,
monster_imp,Imp,monster,1,1,0,1,
monster_hyena,Hyena,monster,1,1,0,1,
monster_invisible_stalker,Invisible Stalker,monster,1,1,0,1,
monster_jackalwere,Jackalwere,monster,1,1,0,1,
monster_lammasu,Lammasu,monster,1,1,0,1,
monster_lamprey,Lamprey,monster,1,1,0,1,
monster_medusa,Medusa,monster,1,1,0,1,
monster_bandit_brigand,Bandit (Brigand),monster,1,1,0,1,
monster_dervish_nomad,Dervish (Nomad),monster,1,1,0,1,
monster_morkoth,Morkoth,monster,1,1,0,1,
monster_naga,Naga,monster,1,1,0,1,
monster_neo_otyugh,Neo-Otyugh,monster,1,1,0,1,
monster_night_hag,Night Hag,monster,1,1,0,1,
monster_nixie,Nixie,monster,1,1,0,1,
monster_nymph,Nymph,monster,1,1,0,1,
monster_peryton,Peryton,monster,1,1,0,1,
monster_portuguese_man_o_war_giant,"Portuguese Man-O-War, Giant",monster,1,1,0,1,
monster_quasit,Quasit,monster,1,1,0,1,
monster_rakshasa,Rakshasa,monster,1,1,0,1,
monster_ray,Ray,monster,1,1,0,1,
monster_remorhaz,Remorhaz,monster,1,1,0,1,
monster_rhinoceros,Rhinoceros,monster,1,1,0,1,
monster_salamander,Salamander,monster,1,1,0,1,
monster_satyr,Satyr,monster,1,1,0,1,
monster_scorpion_giant,"Scorpion, Giant",monster,1,1,0,1,
monster_sea_hag,Sea Hag,monster,1,1,0,1,
monster_shambling_mound,Shambling Mound,monster,1,1,0,1,
monster_shark,Shark,monster,1,1,0,1,
monster_shedu,Shedu,monster,1,1,0,1,
monster_slithering_tracker,Slithering Tracker,monster,1,1,0,1,
monster_sphinx,Sphinx,monster,1,1,0,1,
monster_spider,Spider,monster,1,1,0,1,
monster_stag,Stag,monster,1,1,0,1,
monster_su_monster,Su-Monster,monster,1,1,0,1,
monster_sylph,Sylph,monster,1,1,0,1,
monster_thought_eater,Thought Eater,monster,1,1,0,1,
monster_tiger,Tiger,monster,1,1,0,1,
monster_toad_giant,"Toad, Giant",monster,1,1,0,1,
monster_troll,Troll,monster,1,1,0,1,
monster_regeneration,Regeneration,monster,1,1,1,0,
monster_turtle,Turtle,monster,1,1,0,1,
monster_unicorn,Unicorn,monster,1,1,0,1,
monster_wasp_giant,"Wasp, Giant",monster,1,1,0,1,
monster_will_o_the_wisp,Will-O-(The)-Wisp,monster,1,1,0,1,
monster_wind_walker,Wind Walker,monster,1,1,0,1,
monster_wolf,Wolf,monster,1,1,0,1,
monster_wolverine,Wolverine,monster,1,1,0,1,
monster_wyvern,Wyvern,monster,1,1,0,1,
monster_zombie,Zombie,monster,1,1,0,1,
race_demihuman,race_demihuman,race,1,1,0,1,
abil_dexterity_reaction_attacking_adjustment,Reaction/Attacking Adjustment,abil,1,1,0,1,
abil_dexterity_defensive_adjustment,Dexterity Defensive Adjustment,abil,1,1,0,1,
rule_revivification_limit,Lifetime Revivification Limit,rule,1,1,1,0,
race_human,race_human,race,1,1,0,1,
rule_rounds_and_segments,Rounds and Segments,rule,1,1,0,1,
